mode,shuffled,n_train,n_test,model,skill,mape,parent,child,n_calls
indist,False,210,90,constant,0.0,5.192727735861045,95a6f7f8345e,1bf21ceb4b02,41233
indist,False,210,90,uniform_delta,0.4862343960123062,3.712687937400853,95a6f7f8345e,1bf21ceb4b02,41233
indist,False,210,90,graph_LinearReg,0.4998966858540176,3.7156314849853516,95a6f7f8345e,1bf21ceb4b02,41233
indist,False,210,90,graph_NNLS,0.4998969754120496,3.715630531311035,95a6f7f8345e,1bf21ceb4b02,41233
ood,False,201,99,constant,0.0,5.381170777656327,95a6f7f8345e,1bf21ceb4b02,41233
ood,False,201,99,uniform_delta,0.5894015229220366,3.4933372860208047,95a6f7f8345e,1bf21ceb4b02,41233
ood,False,201,99,graph_LinearReg,0.5778857667490691,3.87455415725708,95a6f7f8345e,1bf21ceb4b02,41233
ood,False,201,99,graph_NNLS,0.5778858800407942,3.8745527267456055,95a6f7f8345e,1bf21ceb4b02,41233
indist,False,210,90,constant,0.0,5.578625487212879,24601dd8b36f,643bce6326e3,20840
indist,False,210,90,uniform_delta,0.9085432008899919,1.5245885093423952,24601dd8b36f,643bce6326e3,20840
indist,False,210,90,graph_LinearReg,0.9656453655801575,0.9526063799858093,24601dd8b36f,643bce6326e3,20840
indist,False,210,90,graph_NNLS,0.9656453606115158,0.9526059031486511,24601dd8b36f,643bce6326e3,20840
ood,False,201,99,constant,0.0,8.930920458979788,24601dd8b36f,643bce6326e3,20840
ood,False,201,99,uniform_delta,0.9122022012907763,2.4599847855968884,24601dd8b36f,643bce6326e3,20840
ood,False,201,99,graph_LinearReg,0.98545539200393,1.0346202850341797,24601dd8b36f,643bce6326e3,20840
ood,False,201,99,graph_NNLS,0.9854554151320426,1.0346190929412842,24601dd8b36f,643bce6326e3,20840
indist,False,210,90,constant,0.0,14.162651807772283,563ba0438604,678850bc90f0,19997
indist,False,210,90,uniform_delta,0.5543186437513299,9.101437705480333,563ba0438604,678850bc90f0,19997
indist,False,210,90,graph_LinearReg,0.7999803413374736,5.752139568328857,563ba0438604,678850bc90f0,19997
indist,False,210,90,graph_NNLS,0.7999803168802309,5.752139568328857,563ba0438604,678850bc90f0,19997
ood,False,201,99,constant,0.0,18.422999260424373,563ba0438604,678850bc90f0,19997
ood,False,201,99,uniform_delta,0.5569156199800069,10.906232847477924,563ba0438604,678850bc90f0,19997
ood,False,201,99,graph_LinearReg,0.8407980754616706,7.4532151222229,563ba0438604,678850bc90f0,19997
ood,False,201,99,graph_NNLS,0.8407980050749724,7.453216075897217,563ba0438604,678850bc90f0,19997
indist,False,210,90,constant,0.0,4.187701369304365,24601dd8b36f,2abd05990aa9,19628
indist,False,210,90,uniform_delta,-0.3599443303032308,5.339392974973124,24601dd8b36f,2abd05990aa9,19628
indist,False,210,90,graph_LinearReg,0.374489903265981,3.7095541954040527,24601dd8b36f,2abd05990aa9,19628
indist,False,210,90,graph_NNLS,0.3744898504810582,3.7095539569854736,24601dd8b36f,2abd05990aa9,19628
ood,False,201,99,constant,0.0,2.713890862978067,24601dd8b36f,2abd05990aa9,19628
ood,False,201,99,uniform_delta,-5.9430338458840914,9.71519701251584,24601dd8b36f,2abd05990aa9,19628
ood,False,201,99,graph_LinearReg,-3.778659995270619,8.277809143066406,24601dd8b36f,2abd05990aa9,19628
ood,False,201,99,graph_NNLS,-3.778658383293089,8.27780818939209,24601dd8b36f,2abd05990aa9,19628
indist,False,210,90,constant,0.0,5.384942202800231,643bce6326e3,e9916393b398,16966
indist,False,210,90,uniform_delta,0.9873092726313292,0.5529780338611967,643bce6326e3,e9916393b398,16966
indist,False,210,90,graph_LinearReg,0.9887977507648958,0.4842780530452728,643bce6326e3,e9916393b398,16966
indist,False,210,90,graph_NNLS,0.9887977356199006,0.48427796363830566,643bce6326e3,e9916393b398,16966
ood,False,201,99,constant,0.0,8.651792270844291,643bce6326e3,e9916393b398,16966
ood,False,201,99,uniform_delta,0.9933097540409122,0.5847869772341375,643bce6326e3,e9916393b398,16966
ood,False,201,99,graph_LinearReg,0.9955688560353814,0.4538801908493042,643bce6326e3,e9916393b398,16966
ood,False,201,99,graph_NNLS,0.995568882781684,0.4538787007331848,643bce6326e3,e9916393b398,16966
indist,False,210,90,constant,0.0,6.919509543588511,adc1fdeea203,d6d9fc487215,14911
indist,False,210,90,uniform_delta,0.7694066069060312,3.13281091913497,adc1fdeea203,d6d9fc487215,14911
indist,False,210,90,graph_LinearReg,0.6884691916490628,3.4514758586883545,adc1fdeea203,d6d9fc487215,14911
indist,False,210,90,graph_NNLS,0.6884691916490628,3.4514758586883545,adc1fdeea203,d6d9fc487215,14911
ood,False,201,99,constant,0.0,8.840622378290885,adc1fdeea203,d6d9fc487215,14911
ood,False,201,99,uniform_delta,0.7846443971752032,3.210949407782978,adc1fdeea203,d6d9fc487215,14911
ood,False,201,99,graph_LinearReg,0.7858933731620387,3.118924140930176,adc1fdeea203,d6d9fc487215,14911
ood,False,201,99,graph_NNLS,0.7858933731620387,3.118924617767334,adc1fdeea203,d6d9fc487215,14911
indist,False,210,90,constant,0.0,5.2119323287513355,4d980b8ae1f1,719faf5996d9,13723
indist,False,210,90,uniform_delta,0.956960313194973,1.1304896390191694,4d980b8ae1f1,719faf5996d9,13723
indist,False,210,90,graph_LinearReg,0.9574195165577208,1.1216895580291748,4d980b8ae1f1,719faf5996d9,13723
indist,False,210,90,graph_NNLS,0.9574195682525205,1.121688723564148,4d980b8ae1f1,719faf5996d9,13723
ood,False,201,99,constant,0.0,6.448124397690683,4d980b8ae1f1,719faf5996d9,13723
ood,False,201,99,uniform_delta,0.9795065787208393,0.770680178279812,4d980b8ae1f1,719faf5996d9,13723
ood,False,201,99,graph_LinearReg,0.9800152666097275,0.7259629964828491,4d980b8ae1f1,719faf5996d9,13723
ood,False,201,99,graph_NNLS,0.9800152704600067,0.7259607315063477,4d980b8ae1f1,719faf5996d9,13723
indist,False,210,90,constant,0.0,9.12422667515001,6f83eed12375,d03bb9786260,12590
indist,False,210,90,uniform_delta,0.020362878497535597,7.887442458720923,6f83eed12375,d03bb9786260,12590
indist,False,210,90,graph_LinearReg,0.10368432722731713,8.062923431396484,6f83eed12375,d03bb9786260,12590
indist,False,210,90,graph_NNLS,0.10368432722731713,8.062923431396484,6f83eed12375,d03bb9786260,12590
ood,False,201,99,constant,0.0,13.445587289166202,6f83eed12375,d03bb9786260,12590
ood,False,201,99,uniform_delta,0.7458637833986463,4.3011119697625855,6f83eed12375,d03bb9786260,12590
ood,False,201,99,graph_LinearReg,-0.9787216076058898,18.994916915893555,6f83eed12375,d03bb9786260,12590
ood,False,201,99,graph_NNLS,-1.0360526436770101e-08,13.445589065551758,6f83eed12375,d03bb9786260,12590
indist,False,210,90,constant,0.0,10.087787423230097,adc1fdeea203,6da93e1b8565,12046
indist,False,210,90,uniform_delta,-0.05823006901889749,9.160257414209836,adc1fdeea203,6da93e1b8565,12046
indist,False,210,90,graph_LinearReg,0.10322943134973261,9.211453437805176,adc1fdeea203,6da93e1b8565,12046
indist,False,210,90,graph_NNLS,0.10322943134973261,9.211453437805176,adc1fdeea203,6da93e1b8565,12046
ood,False,201,99,constant,0.0,8.19230529057327,adc1fdeea203,6da93e1b8565,12046
ood,False,201,99,uniform_delta,-0.6414464119255314,10.745176294970706,adc1fdeea203,6da93e1b8565,12046
ood,False,201,99,graph_LinearReg,-1.2231659712965537,12.078103065490723,adc1fdeea203,6da93e1b8565,12046
ood,False,201,99,graph_NNLS,-1.2231648100279657,12.078100204467773,adc1fdeea203,6da93e1b8565,12046
indist,False,210,90,constant,0.0,17.14753895579286,5f876a734084,b7c586427019,11633
indist,False,210,90,uniform_delta,0.03248148020521924,16.92599522995791,5f876a734084,b7c586427019,11633
indist,False,210,90,graph_LinearReg,0.05718232787215527,16.921018600463867,5f876a734084,b7c586427019,11633
indist,False,210,90,graph_NNLS,0.05718232787215527,16.921016693115234,5f876a734084,b7c586427019,11633
ood,False,201,99,constant,0.0,18.817667625583155,5f876a734084,b7c586427019,11633
ood,False,201,99,uniform_delta,-0.13664940435882444,18.962266461885935,5f876a734084,b7c586427019,11633
ood,False,201,99,graph_LinearReg,0.03497489409400678,18.60578727722168,5f876a734084,b7c586427019,11633
ood,False,201,99,graph_NNLS,0.03497489409400678,18.605789184570312,5f876a734084,b7c586427019,11633
indist,False,210,90,constant,0.0,4.290193186705641,95a6f7f8345e,afd9b5752cb8,10264
indist,False,210,90,uniform_delta,0.5586396756342087,2.866145055435688,95a6f7f8345e,afd9b5752cb8,10264
indist,False,210,90,graph_LinearReg,0.5690587462628456,2.786440134048462,95a6f7f8345e,afd9b5752cb8,10264
indist,False,210,90,graph_NNLS,0.5690588858154868,2.786440134048462,95a6f7f8345e,afd9b5752cb8,10264
ood,False,201,99,constant,0.0,3.3145253452621337,95a6f7f8345e,afd9b5752cb8,10264
ood,False,201,99,uniform_delta,0.5660247673741776,2.049043484699183,95a6f7f8345e,afd9b5752cb8,10264
ood,False,201,99,graph_LinearReg,-2.0695995261789215,6.085216999053955,95a6f7f8345e,afd9b5752cb8,10264
ood,False,201,99,graph_NNLS,-2.069589014325556,6.085204601287842,95a6f7f8345e,afd9b5752cb8,10264
indist,False,210,90,constant,0.0,7.719399038316515,35114acfb54c,af42b5e3e0eb,9972
indist,False,210,90,uniform_delta,0.308071518938293,7.2139970281351244,35114acfb54c,af42b5e3e0eb,9972
indist,False,210,90,graph_LinearReg,0.5612924740148855,5.25380802154541,35114acfb54c,af42b5e3e0eb,9972
indist,False,210,90,graph_NNLS,0.5612924340282908,5.25380802154541,35114acfb54c,af42b5e3e0eb,9972
ood,False,201,99,constant,0.0,11.730864935728972,35114acfb54c,af42b5e3e0eb,9972
ood,False,201,99,uniform_delta,0.3791566664212205,9.271688795437472,35114acfb54c,af42b5e3e0eb,9972
ood,False,201,99,graph_LinearReg,0.8081396067797768,4.813791275024414,35114acfb54c,af42b5e3e0eb,9972
ood,False,201,99,graph_NNLS,0.8081395723907427,4.813793182373047,35114acfb54c,af42b5e3e0eb,9972
indist,False,210,90,constant,0.0,3.9497264098351823,b58ba81e712e,2abd05990aa9,9766
indist,False,210,90,uniform_delta,0.11996392026755187,3.8159176573505773,b58ba81e712e,2abd05990aa9,9766
indist,False,210,90,graph_LinearReg,0.5069189597306523,2.8292787075042725,b58ba81e712e,2abd05990aa9,9766
indist,False,210,90,graph_NNLS,0.5069189291271701,2.8292787075042725,b58ba81e712e,2abd05990aa9,9766
ood,False,201,99,constant,0.0,5.579817135398286,b58ba81e712e,2abd05990aa9,9766
ood,False,201,99,uniform_delta,-0.09159231486202546,5.682001653238325,b58ba81e712e,2abd05990aa9,9766
ood,False,201,99,graph_LinearReg,0.7192766294070895,3.0597565174102783,b58ba81e712e,2abd05990aa9,9766
ood,False,201,99,graph_NNLS,0.7192766604931451,3.059756278991699,b58ba81e712e,2abd05990aa9,9766
indist,False,210,90,constant,0.0,9.547227513344385,3ae5b1b2f41b,5f876a734084,9533
indist,False,210,90,uniform_delta,0.5820204713196306,6.5060340304527955,3ae5b1b2f41b,5f876a734084,9533
indist,False,210,90,graph_LinearReg,0.6215801667882451,6.250201225280762,3ae5b1b2f41b,5f876a734084,9533
indist,False,210,90,graph_NNLS,0.6215801979898421,6.250200271606445,3ae5b1b2f41b,5f876a734084,9533
ood,False,201,99,constant,0.0,13.51835318104209,3ae5b1b2f41b,5f876a734084,9533
ood,False,201,99,uniform_delta,0.8177402888498162,5.225838706381702,3ae5b1b2f41b,5f876a734084,9533
ood,False,201,99,graph_LinearReg,0.7660711444991265,5.998870849609375,3ae5b1b2f41b,5f876a734084,9533
ood,False,201,99,graph_NNLS,0.7660713371280454,5.998868465423584,3ae5b1b2f41b,5f876a734084,9533
indist,False,210,90,constant,0.0,4.06524791208067,b7c586427019,87f3522e7b25,9010
indist,False,210,90,uniform_delta,-11.409138594774445,15.66989125377892,b7c586427019,87f3522e7b25,9010
indist,False,210,90,graph_LinearReg,0.23023169806318566,3.6080620288848877,b7c586427019,87f3522e7b25,9010
indist,False,210,90,graph_NNLS,0.23023169806318566,3.6080620288848877,b7c586427019,87f3522e7b25,9010
ood,False,201,99,constant,0.0,4.955707434608204,b7c586427019,87f3522e7b25,9010
ood,False,201,99,uniform_delta,-15.165028796489128,24.645226774753855,b7c586427019,87f3522e7b25,9010
ood,False,201,99,graph_LinearReg,0.3917756755905967,3.816051483154297,b7c586427019,87f3522e7b25,9010
ood,False,201,99,graph_NNLS,0.3917759514121303,3.8160502910614014,b7c586427019,87f3522e7b25,9010
indist,False,210,90,constant,0.0,4.060030564455657,9a3ef4d24dd4,2abd05990aa9,8942
indist,False,210,90,uniform_delta,-0.5186886775449826,5.266785819429361,9a3ef4d24dd4,2abd05990aa9,8942
indist,False,210,90,graph_LinearReg,0.12481341557201808,3.748844623565674,9a3ef4d24dd4,2abd05990aa9,8942
indist,False,210,90,graph_NNLS,0.1248139164268035,3.7488439083099365,9a3ef4d24dd4,2abd05990aa9,8942
ood,False,201,99,constant,0.0,2.0582752265493105,9a3ef4d24dd4,2abd05990aa9,8942
ood,False,201,99,uniform_delta,-8.676828473658777,8.659981824546419,9a3ef4d24dd4,2abd05990aa9,8942
ood,False,201,99,graph_LinearReg,0.2640308525432994,2.1428916454315186,9a3ef4d24dd4,2abd05990aa9,8942
ood,False,201,99,graph_NNLS,0.2640308525432994,2.1428916454315186,9a3ef4d24dd4,2abd05990aa9,8942
indist,False,210,90,constant,0.0,5.996138463997713,6da93e1b8565,373f823120ce,7256
indist,False,210,90,uniform_delta,-2.0798251309818685,10.579955559315556,6da93e1b8565,373f823120ce,7256
indist,False,210,90,graph_LinearReg,0.02455420347371784,5.885939121246338,6da93e1b8565,373f823120ce,7256
indist,False,210,90,graph_NNLS,-1.8851134209185716e-08,5.996138095855713,6da93e1b8565,373f823120ce,7256
ood,False,201,99,constant,0.0,5.129748597822454,6da93e1b8565,373f823120ce,7256
ood,False,201,99,uniform_delta,-13.734874937531606,22.81976213870573,6da93e1b8565,373f823120ce,7256
ood,False,201,99,graph_LinearReg,0.10686223551304208,4.676054954528809,6da93e1b8565,373f823120ce,7256
ood,False,201,99,graph_NNLS,4.820835064478501e-09,5.129748344421387,6da93e1b8565,373f823120ce,7256
indist,False,210,90,constant,0.0,4.845163905465736,ea41fc6c6b9a,adc1fdeea203,7131
indist,False,210,90,uniform_delta,0.2621229485247911,5.070509985992628,ea41fc6c6b9a,adc1fdeea203,7131
indist,False,210,90,graph_LinearReg,0.28102274230878055,4.978151321411133,ea41fc6c6b9a,adc1fdeea203,7131
indist,False,210,90,graph_NNLS,0.28102274230878055,4.978151321411133,ea41fc6c6b9a,adc1fdeea203,7131
ood,False,201,99,constant,0.0,7.2716402919334024,ea41fc6c6b9a,adc1fdeea203,7131
ood,False,201,99,uniform_delta,0.8739101741809824,3.00030276133886,ea41fc6c6b9a,adc1fdeea203,7131
ood,False,201,99,graph_LinearReg,0.12020295203793585,6.670327663421631,ea41fc6c6b9a,adc1fdeea203,7131
ood,False,201,99,graph_NNLS,0.1202030502136171,6.670326232910156,ea41fc6c6b9a,adc1fdeea203,7131
indist,False,210,90,constant,0.0,6.73692361452865,7d0508345ec0,648b2a0c2f0a,7130
indist,False,210,90,uniform_delta,-0.33459625272066407,6.963600505705868,7d0508345ec0,648b2a0c2f0a,7130
indist,False,210,90,graph_LinearReg,0.022203342703424056,6.646140098571777,7d0508345ec0,648b2a0c2f0a,7130
indist,False,210,90,graph_NNLS,0.022203342703424056,6.646140098571777,7d0508345ec0,648b2a0c2f0a,7130
ood,False,201,99,constant,0.0,6.322133799579883,7d0508345ec0,648b2a0c2f0a,7130
ood,False,201,99,uniform_delta,-1.7277415591861782,10.364839662710464,7d0508345ec0,648b2a0c2f0a,7130
ood,False,201,99,graph_LinearReg,-0.003217383006423491,6.454815864562988,7d0508345ec0,648b2a0c2f0a,7130
ood,False,201,99,graph_NNLS,-0.003217383006423491,6.454815864562988,7d0508345ec0,648b2a0c2f0a,7130
indist,False,210,90,constant,0.0,8.544573767634953,f10612cc80a4,0e1f021c1406,6987
indist,False,210,90,uniform_delta,0.3816522017968266,6.554741537382204,f10612cc80a4,0e1f021c1406,6987
indist,False,210,90,graph_LinearReg,0.37452328601655305,6.544855117797852,f10612cc80a4,0e1f021c1406,6987
indist,False,210,90,graph_NNLS,0.37452328601655305,6.544855117797852,f10612cc80a4,0e1f021c1406,6987
ood,False,201,99,constant,0.0,10.598353522375765,f10612cc80a4,0e1f021c1406,6987
ood,False,201,99,uniform_delta,0.6445255559415899,6.134087079235657,f10612cc80a4,0e1f021c1406,6987
ood,False,201,99,graph_LinearReg,0.49186600201330144,6.550130367279053,f10612cc80a4,0e1f021c1406,6987
ood,False,201,99,graph_NNLS,0.49186582270990276,6.550131797790527,f10612cc80a4,0e1f021c1406,6987
indist,False,210,90,constant,0.0,7.595496665771101,6f83eed12375,af42b5e3e0eb,6941
indist,False,210,90,uniform_delta,0.7618645663294447,3.5833289275929756,6f83eed12375,af42b5e3e0eb,6941
indist,False,210,90,graph_LinearReg,0.7594048114565627,3.5943870544433594,6f83eed12375,af42b5e3e0eb,6941
indist,False,210,90,graph_NNLS,0.7594047696761521,3.594388008117676,6f83eed12375,af42b5e3e0eb,6941
ood,False,201,99,constant,0.0,12.559430673106696,6f83eed12375,af42b5e3e0eb,6941
ood,False,201,99,uniform_delta,0.8219463796394528,4.6250107151246205,6f83eed12375,af42b5e3e0eb,6941
ood,False,201,99,graph_LinearReg,0.8148713150328751,4.824220657348633,6f83eed12375,af42b5e3e0eb,6941
ood,False,201,99,graph_NNLS,0.8148713150328751,4.824220657348633,6f83eed12375,af42b5e3e0eb,6941
indist,False,210,90,constant,0.0,9.996469896069451,6da93e1b8565,377f1c6e2b6c,6591
indist,False,210,90,uniform_delta,0.531317051840718,6.800835437582614,6da93e1b8565,377f1c6e2b6c,6591
indist,False,210,90,graph_LinearReg,0.5356464330885927,6.623388290405273,6da93e1b8565,377f1c6e2b6c,6591
indist,False,210,90,graph_NNLS,0.5356464330885927,6.623388290405273,6da93e1b8565,377f1c6e2b6c,6591
ood,False,201,99,constant,0.0,14.117762501819298,6da93e1b8565,377f1c6e2b6c,6591
ood,False,201,99,uniform_delta,0.7460995465963018,7.283292769202841,6da93e1b8565,377f1c6e2b6c,6591
ood,False,201,99,graph_LinearReg,0.7533741237624594,6.512011528015137,6da93e1b8565,377f1c6e2b6c,6591
ood,False,201,99,graph_NNLS,0.7533740741942662,6.512011528015137,6da93e1b8565,377f1c6e2b6c,6591
indist,False,210,90,constant,0.0,7.555266368502026,b58ba81e712e,f9014fe2e1ad,6562
indist,False,210,90,uniform_delta,-0.06418620251388973,7.9607443475500945,b58ba81e712e,f9014fe2e1ad,6562
indist,False,210,90,graph_LinearReg,0.09048870194649483,7.409442901611328,b58ba81e712e,f9014fe2e1ad,6562
indist,False,210,90,graph_NNLS,0.09048849422947569,7.409442901611328,b58ba81e712e,f9014fe2e1ad,6562
ood,False,201,99,constant,0.0,9.875700406161396,b58ba81e712e,f9014fe2e1ad,6562
ood,False,201,99,uniform_delta,0.06968296288384723,8.269933831822138,b58ba81e712e,f9014fe2e1ad,6562
ood,False,201,99,graph_LinearReg,0.14458507327591008,9.28543758392334,b58ba81e712e,f9014fe2e1ad,6562
ood,False,201,99,graph_NNLS,0.14458500668837848,9.285438537597656,b58ba81e712e,f9014fe2e1ad,6562
indist,False,210,90,constant,0.0,5.471878368499261,d6d9fc487215,373f823120ce,6540
indist,False,210,90,uniform_delta,-1.4847289552051253,7.699152254774072,d6d9fc487215,373f823120ce,6540
indist,False,210,90,graph_LinearReg,-0.1152917025133835,5.845313549041748,d6d9fc487215,373f823120ce,6540
indist,False,210,90,graph_NNLS,6.8873179381867544e-09,5.471878528594971,d6d9fc487215,373f823120ce,6540
ood,False,201,99,constant,0.0,5.081094162896065,d6d9fc487215,373f823120ce,6540
ood,False,201,99,uniform_delta,-8.82770747081601,15.53430013521461,d6d9fc487215,373f823120ce,6540
ood,False,201,99,graph_LinearReg,-0.12506447312228386,4.732463359832764,d6d9fc487215,373f823120ce,6540
ood,False,201,99,graph_NNLS,-8.671728290998715e-08,5.081094264984131,d6d9fc487215,373f823120ce,6540
indist,False,210,90,constant,0.0,5.689045039945455,b6fff9281fd3,6190227e8489,6044
indist,False,210,90,uniform_delta,-0.30856894976988136,5.912614156384421,b6fff9281fd3,6190227e8489,6044
indist,False,210,90,graph_LinearReg,0.6710861595056031,2.71490740776062,b6fff9281fd3,6190227e8489,6044
indist,False,210,90,graph_NNLS,0.6710862289841579,2.7149064540863037,b6fff9281fd3,6190227e8489,6044
ood,False,201,99,constant,0.0,9.879766228008833,b6fff9281fd3,6190227e8489,6044
ood,False,201,99,uniform_delta,0.02239756178047314,9.53828916112416,b6fff9281fd3,6190227e8489,6044
ood,False,201,99,graph_LinearReg,0.7953651858670758,4.441040992736816,b6fff9281fd3,6190227e8489,6044
ood,False,201,99,graph_NNLS,0.7953654937789042,4.441037654876709,b6fff9281fd3,6190227e8489,6044
indist,False,210,90,constant,0.0,5.337120655286054,95a6f7f8345e,c9d968a323dc,5966
indist,False,210,90,uniform_delta,0.4363631280354633,3.5370909776657613,95a6f7f8345e,c9d968a323dc,5966
indist,False,210,90,graph_LinearReg,0.45954118893120677,3.3595130443573,95a6f7f8345e,c9d968a323dc,5966
indist,False,210,90,graph_NNLS,0.4595416096527506,3.3595118522644043,95a6f7f8345e,c9d968a323dc,5966
ood,False,201,99,constant,0.0,4.653940143283938,95a6f7f8345e,c9d968a323dc,5966
ood,False,201,99,uniform_delta,0.8271737567868829,1.6569716730775124,95a6f7f8345e,c9d968a323dc,5966
ood,False,201,99,graph_LinearReg,0.7313471019749712,2.332841157913208,95a6f7f8345e,c9d968a323dc,5966
ood,False,201,99,graph_NNLS,0.7313486916627141,2.332833766937256,95a6f7f8345e,c9d968a323dc,5966
indist,False,210,90,constant,0.0,15.618024672996489,377f1c6e2b6c,23bdd392279c,5843
indist,False,210,90,uniform_delta,0.6972593822233792,8.048585046413107,377f1c6e2b6c,23bdd392279c,5843
indist,False,210,90,graph_LinearReg,0.6376204480410604,9.703720092773438,377f1c6e2b6c,23bdd392279c,5843
indist,False,210,90,graph_NNLS,0.6376203278865378,9.70372200012207,377f1c6e2b6c,23bdd392279c,5843
ood,False,201,99,constant,0.0,24.980986528865714,377f1c6e2b6c,23bdd392279c,5843
ood,False,201,99,uniform_delta,0.7105064993898582,13.066990380398558,377f1c6e2b6c,23bdd392279c,5843
ood,False,201,99,graph_LinearReg,0.4639626461154559,19.151838302612305,377f1c6e2b6c,23bdd392279c,5843
ood,False,201,99,graph_NNLS,0.4639626461154559,19.151838302612305,377f1c6e2b6c,23bdd392279c,5843
indist,True,210,90,constant,0.0,5.021385796028547,95a6f7f8345e,1bf21ceb4b02,41233
indist,True,210,90,uniform_delta,-0.3425194650098562,5.478604852759937,95a6f7f8345e,1bf21ceb4b02,41233
indist,True,210,90,graph_LinearReg,-0.00020742715887900331,5.0371623039245605,95a6f7f8345e,1bf21ceb4b02,41233
indist,True,210,90,graph_NNLS,-3.280788685167124e-08,5.021385192871094,95a6f7f8345e,1bf21ceb4b02,41233
ood,True,201,99,constant,0.0,5.02762373112194,95a6f7f8345e,1bf21ceb4b02,41233
ood,True,201,99,uniform_delta,-0.5247462899838766,5.567170611814936,95a6f7f8345e,1bf21ceb4b02,41233
ood,True,201,99,graph_LinearReg,-0.05943536525874982,5.219074249267578,95a6f7f8345e,1bf21ceb4b02,41233
ood,True,201,99,graph_NNLS,-4.431201316990041e-08,5.027623653411865,95a6f7f8345e,1bf21ceb4b02,41233
indist,True,210,90,constant,0.0,5.412484660062912,24601dd8b36f,643bce6326e3,20840
indist,True,210,90,uniform_delta,-1.41911804097857,7.697687501491732,24601dd8b36f,643bce6326e3,20840
indist,True,210,90,graph_LinearReg,-7.295996198153354e-05,5.411665916442871,24601dd8b36f,643bce6326e3,20840
indist,True,210,90,graph_NNLS,-5.212010822930324e-10,5.412484169006348,24601dd8b36f,643bce6326e3,20840
ood,True,201,99,constant,0.0,5.759726501431948,24601dd8b36f,643bce6326e3,20840
ood,True,201,99,uniform_delta,-3.966785533700394,12.215120352210254,24601dd8b36f,643bce6326e3,20840
ood,True,201,99,graph_LinearReg,-0.009947482001596342,5.763828754425049,24601dd8b36f,643bce6326e3,20840
ood,True,201,99,graph_NNLS,-2.0442480597182566e-08,5.759726047515869,24601dd8b36f,643bce6326e3,20840
indist,True,210,90,constant,0.0,12.554086948129992,563ba0438604,678850bc90f0,19997
indist,True,210,90,uniform_delta,-0.18213001552587138,12.798698813924329,563ba0438604,678850bc90f0,19997
indist,True,210,90,graph_LinearReg,-0.008624275726188069,12.652322769165039,563ba0438604,678850bc90f0,19997
indist,True,210,90,graph_NNLS,1.2466851218029262e-08,12.554088592529297,563ba0438604,678850bc90f0,19997
ood,True,201,99,constant,0.0,12.791796362537214,563ba0438604,678850bc90f0,19997
ood,True,201,99,uniform_delta,-0.558003278327714,16.198916933847233,563ba0438604,678850bc90f0,19997
ood,True,201,99,graph_LinearReg,0.00653215634672677,12.395994186401367,563ba0438604,678850bc90f0,19997
ood,True,201,99,graph_NNLS,-2.483934169461577e-09,12.79179573059082,563ba0438604,678850bc90f0,19997
indist,True,210,90,constant,0.0,3.404108810862786,24601dd8b36f,2abd05990aa9,19628
indist,True,210,90,uniform_delta,-3.602140878567396,7.872479712218819,24601dd8b36f,2abd05990aa9,19628
indist,True,210,90,graph_LinearReg,0.011951761353158785,3.4004170894622803,24601dd8b36f,2abd05990aa9,19628
indist,True,210,90,graph_NNLS,2.2871476046404382e-08,3.404108762741089,24601dd8b36f,2abd05990aa9,19628
ood,True,201,99,constant,0.0,4.225616147427579,24601dd8b36f,2abd05990aa9,19628
ood,True,201,99,uniform_delta,-6.2132086810297,12.705362050257413,24601dd8b36f,2abd05990aa9,19628
ood,True,201,99,graph_LinearReg,-0.04716330589130635,4.388398170471191,24601dd8b36f,2abd05990aa9,19628
ood,True,201,99,graph_NNLS,3.5556422917082386e-08,4.225615978240967,24601dd8b36f,2abd05990aa9,19628
indist,True,210,90,constant,0.0,5.521040343473301,643bce6326e3,e9916393b398,16966
indist,True,210,90,uniform_delta,-0.6038995963618965,6.155238842674442,643bce6326e3,e9916393b398,16966
indist,True,210,90,graph_LinearReg,-0.009505855739273317,5.544774055480957,643bce6326e3,e9916393b398,16966
indist,True,210,90,graph_NNLS,-7.59875495859319e-09,5.521040439605713,643bce6326e3,e9916393b398,16966
ood,True,201,99,constant,0.0,5.173328406911231,643bce6326e3,e9916393b398,16966
ood,True,201,99,uniform_delta,-2.7457305725228913,9.876711101710868,643bce6326e3,e9916393b398,16966
ood,True,201,99,graph_LinearReg,0.0095682382943586,5.105535507202148,643bce6326e3,e9916393b398,16966
ood,True,201,99,graph_NNLS,0.00956844890534625,5.105533599853516,643bce6326e3,e9916393b398,16966
indist,True,210,90,constant,0.0,5.980314819725945,adc1fdeea203,d6d9fc487215,14911
indist,True,210,90,uniform_delta,-0.692791837421511,7.996002131941429,adc1fdeea203,d6d9fc487215,14911
indist,True,210,90,graph_LinearReg,0.001515643408852907,5.970062732696533,adc1fdeea203,d6d9fc487215,14911
indist,True,210,90,graph_NNLS,0.001515532509286599,5.970062732696533,adc1fdeea203,d6d9fc487215,14911
ood,True,201,99,constant,0.0,6.415541860352479,adc1fdeea203,d6d9fc487215,14911
ood,True,201,99,uniform_delta,-1.792580841089447,11.374984972661045,adc1fdeea203,d6d9fc487215,14911
ood,True,201,99,graph_LinearReg,-0.04414902961437894,6.641894340515137,adc1fdeea203,d6d9fc487215,14911
ood,True,201,99,graph_NNLS,-3.164218198570268e-08,6.415541648864746,adc1fdeea203,d6d9fc487215,14911
indist,True,210,90,constant,0.0,4.558111351906977,4d980b8ae1f1,719faf5996d9,13723
indist,True,210,90,uniform_delta,-1.3049099437047924,6.236799178899892,4d980b8ae1f1,719faf5996d9,13723
indist,True,210,90,graph_LinearReg,-0.007675640377212689,4.495973587036133,4d980b8ae1f1,719faf5996d9,13723
indist,True,210,90,graph_NNLS,1.3295653500389193e-07,4.558111667633057,4d980b8ae1f1,719faf5996d9,13723
ood,True,201,99,constant,0.0,4.437939224101774,4d980b8ae1f1,719faf5996d9,13723
ood,True,201,99,uniform_delta,-1.7479626109296231,7.331457157357427,4d980b8ae1f1,719faf5996d9,13723
ood,True,201,99,graph_LinearReg,-0.023270335115513463,4.633892059326172,4d980b8ae1f1,719faf5996d9,13723
ood,True,201,99,graph_NNLS,-3.795005043549793e-08,4.437939643859863,4d980b8ae1f1,719faf5996d9,13723
indist,True,210,90,constant,0.0,8.570641394785888,6f83eed12375,d03bb9786260,12590
indist,True,210,90,uniform_delta,-0.4634968180230852,10.367058833900256,6f83eed12375,d03bb9786260,12590
indist,True,210,90,graph_LinearReg,0.00036107003711405294,8.567224502563477,6f83eed12375,d03bb9786260,12590
indist,True,210,90,graph_NNLS,0.00036107003711405294,8.567225456237793,6f83eed12375,d03bb9786260,12590
ood,True,201,99,constant,0.0,8.781888615325094,6f83eed12375,d03bb9786260,12590
ood,True,201,99,uniform_delta,-1.8635433723508994,14.260774877125382,6f83eed12375,d03bb9786260,12590
ood,True,201,99,graph_LinearReg,0.0025911402072414935,8.794366836547852,6f83eed12375,d03bb9786260,12590
ood,True,201,99,graph_NNLS,0.0025910554724973833,8.794366836547852,6f83eed12375,d03bb9786260,12590
indist,True,210,90,constant,0.0,9.407363961868892,adc1fdeea203,6da93e1b8565,12046
indist,True,210,90,uniform_delta,-0.535113277259909,11.61543659920397,adc1fdeea203,6da93e1b8565,12046
indist,True,210,90,graph_LinearReg,0.0072057080057400524,9.374768257141113,adc1fdeea203,6da93e1b8565,12046
indist,True,210,90,graph_NNLS,4.446602508423325e-08,9.407364845275879,adc1fdeea203,6da93e1b8565,12046
ood,True,201,99,constant,0.0,9.326573533822428,adc1fdeea203,6da93e1b8565,12046
ood,True,201,99,uniform_delta,-1.8732122915967313,14.880657989847872,adc1fdeea203,6da93e1b8565,12046
ood,True,201,99,graph_LinearReg,0.009441513017105052,9.280489921569824,adc1fdeea203,6da93e1b8565,12046
ood,True,201,99,graph_NNLS,4.881892001762367e-09,9.326573371887207,adc1fdeea203,6da93e1b8565,12046
indist,True,210,90,constant,0.0,17.02948467353949,5f876a734084,b7c586427019,11633
indist,True,210,90,uniform_delta,-0.11737844448782209,17.684320814309483,5f876a734084,b7c586427019,11633
indist,True,210,90,graph_LinearReg,0.0104786728728955,16.98977279663086,5f876a734084,b7c586427019,11633
indist,True,210,90,graph_NNLS,0.010478592024755318,16.98977279663086,5f876a734084,b7c586427019,11633
ood,True,201,99,constant,0.0,17.61952116121117,5f876a734084,b7c586427019,11633
ood,True,201,99,uniform_delta,-0.5377665141444277,21.515260604493207,5f876a734084,b7c586427019,11633
ood,True,201,99,graph_LinearReg,-0.00680037479347817,17.675575256347656,5f876a734084,b7c586427019,11633
ood,True,201,99,graph_NNLS,1.6686357739992275e-08,17.61952018737793,5f876a734084,b7c586427019,11633
indist,True,210,90,constant,0.0,5.149001555133318,95a6f7f8345e,afd9b5752cb8,10264
indist,True,210,90,uniform_delta,-0.26997286089887984,5.877694008904613,95a6f7f8345e,afd9b5752cb8,10264
indist,True,210,90,graph_LinearReg,-0.002545805269689616,5.139702796936035,95a6f7f8345e,afd9b5752cb8,10264
indist,True,210,90,graph_NNLS,-0.002545673864650988,5.139701843261719,95a6f7f8345e,afd9b5752cb8,10264
ood,True,201,99,constant,0.0,4.668164064003398,95a6f7f8345e,afd9b5752cb8,10264
ood,True,201,99,uniform_delta,-0.4478136143574314,5.182229913596045,95a6f7f8345e,afd9b5752cb8,10264
ood,True,201,99,graph_LinearReg,0.01105368073621138,4.580037593841553,95a6f7f8345e,afd9b5752cb8,10264
ood,True,201,99,graph_NNLS,0.01105368073621138,4.580039024353027,95a6f7f8345e,afd9b5752cb8,10264
indist,True,210,90,constant,0.0,8.579431239910102,35114acfb54c,af42b5e3e0eb,9972
indist,True,210,90,uniform_delta,-1.1664517140781414,12.720945149805418,35114acfb54c,af42b5e3e0eb,9972
indist,True,210,90,graph_LinearReg,-0.0028814807532047126,8.579565048217773,35114acfb54c,af42b5e3e0eb,9972
indist,True,210,90,graph_NNLS,-0.0028814807532047126,8.579565048217773,35114acfb54c,af42b5e3e0eb,9972
ood,True,201,99,constant,0.0,8.335457629098935,35114acfb54c,af42b5e3e0eb,9972
ood,True,201,99,uniform_delta,-5.014645331425314,23.65501997885195,35114acfb54c,af42b5e3e0eb,9972
ood,True,201,99,graph_LinearReg,0.0063129808112742936,8.323593139648438,35114acfb54c,af42b5e3e0eb,9972
ood,True,201,99,graph_NNLS,0.0063129808112742936,8.323593139648438,35114acfb54c,af42b5e3e0eb,9972
indist,True,210,90,constant,0.0,4.001954819311253,b58ba81e712e,2abd05990aa9,9766
indist,True,210,90,uniform_delta,-1.4462530876399788,6.290863688895268,b58ba81e712e,2abd05990aa9,9766
indist,True,210,90,graph_LinearReg,0.004077508448509737,3.9947428703308105,b58ba81e712e,2abd05990aa9,9766
indist,True,210,90,graph_NNLS,0.004077281075745898,3.9947431087493896,b58ba81e712e,2abd05990aa9,9766
ood,True,201,99,constant,0.0,3.3932046313925253,b58ba81e712e,2abd05990aa9,9766
ood,True,201,99,uniform_delta,-6.468391500460156,11.024934124518067,b58ba81e712e,2abd05990aa9,9766
ood,True,201,99,graph_LinearReg,0.009822828651939064,3.3708486557006836,b58ba81e712e,2abd05990aa9,9766
ood,True,201,99,graph_NNLS,0.009822828651939064,3.3708486557006836,b58ba81e712e,2abd05990aa9,9766
indist,True,210,90,constant,0.0,7.989072599530503,3ae5b1b2f41b,5f876a734084,9533
indist,True,210,90,uniform_delta,-0.4325791506126695,9.836251693961735,3ae5b1b2f41b,5f876a734084,9533
indist,True,210,90,graph_LinearReg,0.004424552488150879,7.950459957122803,3ae5b1b2f41b,5f876a734084,9533
indist,True,210,90,graph_NNLS,-6.205665248337766e-08,7.989072799682617,3ae5b1b2f41b,5f876a734084,9533
ood,True,201,99,constant,0.0,8.922089182025365,3ae5b1b2f41b,5f876a734084,9533
ood,True,201,99,uniform_delta,-1.2981191842871374,14.250140383899682,3ae5b1b2f41b,5f876a734084,9533
ood,True,201,99,graph_LinearReg,0.006811545443568212,8.850702285766602,3ae5b1b2f41b,5f876a734084,9533
ood,True,201,99,graph_NNLS,3.774367618447627e-08,8.922088623046875,3ae5b1b2f41b,5f876a734084,9533
indist,True,210,90,constant,0.0,4.134377954742295,b7c586427019,87f3522e7b25,9010
indist,True,210,90,uniform_delta,-11.837952865943604,15.354525578900086,b7c586427019,87f3522e7b25,9010
indist,True,210,90,graph_LinearReg,0.0008833352689741059,4.131555557250977,b7c586427019,87f3522e7b25,9010
indist,True,210,90,graph_NNLS,8.228921899444686e-08,4.134378433227539,b7c586427019,87f3522e7b25,9010
ood,True,201,99,constant,0.0,4.033214889154322,b7c586427019,87f3522e7b25,9010
ood,True,201,99,uniform_delta,-35.37103486506225,29.9762409798037,b7c586427019,87f3522e7b25,9010
ood,True,201,99,graph_LinearReg,-0.025813335589323527,4.061009883880615,b7c586427019,87f3522e7b25,9010
ood,True,201,99,graph_NNLS,2.239084373467648e-08,4.033215045928955,b7c586427019,87f3522e7b25,9010
indist,True,210,90,constant,0.0,4.090407049373049,9a3ef4d24dd4,2abd05990aa9,8942
indist,True,210,90,uniform_delta,-4.170365623744623,6.929325285086994,9a3ef4d24dd4,2abd05990aa9,8942
indist,True,210,90,graph_LinearReg,0.003691482343988972,4.0888776779174805,9a3ef4d24dd4,2abd05990aa9,8942
indist,True,210,90,graph_NNLS,-8.926451466884089e-08,4.090406894683838,9a3ef4d24dd4,2abd05990aa9,8942
ood,True,201,99,constant,0.0,4.032423353002192,9a3ef4d24dd4,2abd05990aa9,8942
ood,True,201,99,uniform_delta,-4.886878412525192,11.181517841937183,9a3ef4d24dd4,2abd05990aa9,8942
ood,True,201,99,graph_LinearReg,-0.021550638504996167,4.129560947418213,9a3ef4d24dd4,2abd05990aa9,8942
ood,True,201,99,graph_NNLS,3.3632278073625343e-08,4.032423496246338,9a3ef4d24dd4,2abd05990aa9,8942
indist,True,210,90,constant,0.0,5.6077521294068235,6da93e1b8565,373f823120ce,7256
indist,True,210,90,uniform_delta,-2.0171904069320457,10.666098568850277,6da93e1b8565,373f823120ce,7256
indist,True,210,90,graph_LinearReg,-0.01538353234342904,5.635737895965576,6da93e1b8565,373f823120ce,7256
indist,True,210,90,graph_NNLS,6.445829936474468e-08,5.607751846313477,6da93e1b8565,373f823120ce,7256
ood,True,201,99,constant,0.0,4.90925973861285,6da93e1b8565,373f823120ce,7256
ood,True,201,99,uniform_delta,-12.316418046200656,21.444201084068677,6da93e1b8565,373f823120ce,7256
ood,True,201,99,graph_LinearReg,0.0006997159990613788,4.555120468139648,6da93e1b8565,373f823120ce,7256
ood,True,201,99,graph_NNLS,-7.478060970456113e-08,4.90925931930542,6da93e1b8565,373f823120ce,7256
indist,True,210,90,constant,0.0,4.852384615553015,ea41fc6c6b9a,adc1fdeea203,7131
indist,True,210,90,uniform_delta,-0.6946499308496674,6.680140313337786,ea41fc6c6b9a,adc1fdeea203,7131
indist,True,210,90,graph_LinearReg,-0.026790015171811232,4.976052284240723,ea41fc6c6b9a,adc1fdeea203,7131
indist,True,210,90,graph_NNLS,-0.026790015171811232,4.9760518074035645,ea41fc6c6b9a,adc1fdeea203,7131
ood,True,201,99,constant,0.0,5.930387218741391,ea41fc6c6b9a,adc1fdeea203,7131
ood,True,201,99,uniform_delta,-1.125622459705382,10.805603924939788,ea41fc6c6b9a,adc1fdeea203,7131
ood,True,201,99,graph_LinearReg,-0.00026188579744790275,5.931206226348877,ea41fc6c6b9a,adc1fdeea203,7131
ood,True,201,99,graph_NNLS,2.3623630829305853e-08,5.930386543273926,ea41fc6c6b9a,adc1fdeea203,7131
indist,True,210,90,constant,0.0,7.390309247579744,7d0508345ec0,648b2a0c2f0a,7130
indist,True,210,90,uniform_delta,-0.601050797175603,9.069734886794796,7d0508345ec0,648b2a0c2f0a,7130
indist,True,210,90,graph_LinearReg,-0.004901352614408161,7.4021897315979,7d0508345ec0,648b2a0c2f0a,7130
indist,True,210,90,graph_NNLS,-0.004901044019534284,7.402189254760742,7d0508345ec0,648b2a0c2f0a,7130
ood,True,201,99,constant,0.0,6.940724077545013,7d0508345ec0,648b2a0c2f0a,7130
ood,True,201,99,uniform_delta,-1.149721052610611,10.99941249300446,7d0508345ec0,648b2a0c2f0a,7130
ood,True,201,99,graph_LinearReg,0.02011933694682122,6.936004638671875,7d0508345ec0,648b2a0c2f0a,7130
ood,True,201,99,graph_NNLS,0.020119229891220503,6.936005592346191,7d0508345ec0,648b2a0c2f0a,7130
indist,True,210,90,constant,0.0,9.439625826681358,f10612cc80a4,0e1f021c1406,6987
indist,True,210,90,uniform_delta,-0.5660073424099754,11.87133049522971,f10612cc80a4,0e1f021c1406,6987
indist,True,210,90,graph_LinearReg,-0.009988905387837255,9.464090347290039,f10612cc80a4,0e1f021c1406,6987
indist,True,210,90,graph_NNLS,-0.009988905387837255,9.464091300964355,f10612cc80a4,0e1f021c1406,6987
ood,True,201,99,constant,0.0,9.062416731249192,f10612cc80a4,0e1f021c1406,6987
ood,True,201,99,uniform_delta,-1.3282207560689003,15.7908020465433,f10612cc80a4,0e1f021c1406,6987
ood,True,201,99,graph_LinearReg,-2.308900989511642e-06,9.049027442932129,f10612cc80a4,0e1f021c1406,6987
ood,True,201,99,graph_NNLS,2.0967043434794164e-08,9.062416076660156,f10612cc80a4,0e1f021c1406,6987
indist,True,210,90,constant,0.0,7.696192973440126,6f83eed12375,af42b5e3e0eb,6941
indist,True,210,90,uniform_delta,-1.067808544546017,11.219928486404934,6f83eed12375,af42b5e3e0eb,6941
indist,True,210,90,graph_LinearReg,-0.030504618506911774,7.812171459197998,6f83eed12375,af42b5e3e0eb,6941
indist,True,210,90,graph_NNLS,-0.030504708726189378,7.812171936035156,6f83eed12375,af42b5e3e0eb,6941
ood,True,201,99,constant,0.0,8.291445139049886,6f83eed12375,af42b5e3e0eb,6941
ood,True,201,99,uniform_delta,-2.145615080735212,16.47656624813658,6f83eed12375,af42b5e3e0eb,6941
ood,True,201,99,graph_LinearReg,-0.06150989759690706,8.846850395202637,6f83eed12375,af42b5e3e0eb,6941
ood,True,201,99,graph_NNLS,-0.06150997200313468,8.84684944152832,6f83eed12375,af42b5e3e0eb,6941
indist,True,210,90,constant,0.0,10.032906645126918,6da93e1b8565,377f1c6e2b6c,6591
indist,True,210,90,uniform_delta,-0.7803991064917386,13.846606036051694,6da93e1b8565,377f1c6e2b6c,6591
indist,True,210,90,graph_LinearReg,-0.025249630824226488,10.226054191589355,6da93e1b8565,377f1c6e2b6c,6591
indist,True,210,90,graph_NNLS,-0.025249630824226488,10.226054191589355,6da93e1b8565,377f1c6e2b6c,6591
ood,True,201,99,constant,0.0,9.376895559942536,6da93e1b8565,377f1c6e2b6c,6591
ood,True,201,99,uniform_delta,-2.4230211606013916,22.23319748502669,6da93e1b8565,377f1c6e2b6c,6591
ood,True,201,99,graph_LinearReg,-0.03551387216377133,10.429703712463379,6da93e1b8565,377f1c6e2b6c,6591
ood,True,201,99,graph_NNLS,-0.03551387216377133,10.42970085144043,6da93e1b8565,377f1c6e2b6c,6591
indist,True,210,90,constant,0.0,9.35197437740252,b58ba81e712e,f9014fe2e1ad,6562
indist,True,210,90,uniform_delta,-0.6647844469031212,11.285392482106458,b58ba81e712e,f9014fe2e1ad,6562
indist,True,210,90,graph_LinearReg,0.003484055977099332,9.274450302124023,b58ba81e712e,f9014fe2e1ad,6562
indist,True,210,90,graph_NNLS,4.9969242521541446e-08,9.351973533630371,b58ba81e712e,f9014fe2e1ad,6562
ood,True,201,99,constant,0.0,14.084351980041124,b58ba81e712e,f9014fe2e1ad,6562
ood,True,201,99,uniform_delta,-0.9737476614545244,19.734355190316446,b58ba81e712e,f9014fe2e1ad,6562
ood,True,201,99,graph_LinearReg,0.0037231518409339692,14.132033348083496,b58ba81e712e,f9014fe2e1ad,6562
ood,True,201,99,graph_NNLS,8.705022180865996e-08,14.0843505859375,b58ba81e712e,f9014fe2e1ad,6562
indist,True,210,90,constant,0.0,5.593823317381173,d6d9fc487215,373f823120ce,6540
indist,True,210,90,uniform_delta,-1.0884051272197612,8.264657648134438,d6d9fc487215,373f823120ce,6540
indist,True,210,90,graph_LinearReg,0.004136001207294071,5.577176094055176,d6d9fc487215,373f823120ce,6540
indist,True,210,90,graph_NNLS,0.004136001207294071,5.577173709869385,d6d9fc487215,373f823120ce,6540
ood,True,201,99,constant,0.0,5.659070104209944,d6d9fc487215,373f823120ce,6540
ood,True,201,99,uniform_delta,-5.519779996865611,14.892991001878334,d6d9fc487215,373f823120ce,6540
ood,True,201,99,graph_LinearReg,-0.06517727020347142,6.1346282958984375,d6d9fc487215,373f823120ce,6540
ood,True,201,99,graph_NNLS,-0.06517727020347142,6.1346282958984375,d6d9fc487215,373f823120ce,6540
indist,True,210,90,constant,0.0,5.411246642746815,b6fff9281fd3,6190227e8489,6044
indist,True,210,90,uniform_delta,-3.743893321743479,10.727077203298421,b6fff9281fd3,6190227e8489,6044
indist,True,210,90,graph_LinearReg,-0.014259730382210956,5.438242435455322,b6fff9281fd3,6190227e8489,6044
indist,True,210,90,graph_NNLS,-0.014259730382210956,5.4382429122924805,b6fff9281fd3,6190227e8489,6044
ood,True,201,99,constant,0.0,6.254162346967854,b6fff9281fd3,6190227e8489,6044
ood,True,201,99,uniform_delta,-9.972658976208209,21.772067341541394,b6fff9281fd3,6190227e8489,6044
ood,True,201,99,graph_LinearReg,-0.07866141345346755,6.750664234161377,b6fff9281fd3,6190227e8489,6044
ood,True,201,99,graph_NNLS,-0.07866109112646225,6.750662803649902,b6fff9281fd3,6190227e8489,6044
indist,True,210,90,constant,0.0,5.259634727159715,95a6f7f8345e,c9d968a323dc,5966
indist,True,210,90,uniform_delta,-0.5062001874106301,6.201932405622317,95a6f7f8345e,c9d968a323dc,5966
indist,True,210,90,graph_LinearReg,-0.00033016935621810184,5.260806083679199,95a6f7f8345e,c9d968a323dc,5966
indist,True,210,90,graph_NNLS,-0.00033034648596852456,5.260806560516357,95a6f7f8345e,c9d968a323dc,5966
ood,True,201,99,constant,0.0,5.179916269457482,95a6f7f8345e,c9d968a323dc,5966
ood,True,201,99,uniform_delta,-0.6500461967623818,6.647835538228565,95a6f7f8345e,c9d968a323dc,5966
ood,True,201,99,graph_LinearReg,-0.00023374064911618753,5.267142295837402,95a6f7f8345e,c9d968a323dc,5966
ood,True,201,99,graph_NNLS,8.995076816731284e-08,5.1799163818359375,95a6f7f8345e,c9d968a323dc,5966
indist,True,210,90,constant,0.0,16.045652777577065,377f1c6e2b6c,23bdd392279c,5843
indist,True,210,90,uniform_delta,-0.797268584833938,19.84867199620261,377f1c6e2b6c,23bdd392279c,5843
indist,True,210,90,graph_LinearReg,-0.01668812427161681,16.110870361328125,377f1c6e2b6c,23bdd392279c,5843
indist,True,210,90,graph_NNLS,-0.01668812427161681,16.110870361328125,377f1c6e2b6c,23bdd392279c,5843
ood,True,201,99,constant,0.0,16.044469385533084,377f1c6e2b6c,23bdd392279c,5843
ood,True,201,99,uniform_delta,-2.038291163624971,29.615082308066782,377f1c6e2b6c,23bdd392279c,5843
ood,True,201,99,graph_LinearReg,-0.0002434626597840328,16.009445190429688,377f1c6e2b6c,23bdd392279c,5843
ood,True,201,99,graph_NNLS,5.4473086374962065e-08,16.044469833374023,377f1c6e2b6c,23bdd392279c,5843
