prompt_id,repeat_id,category,delta_pct,n_flagged_raw,n_flagged_excl_injection,n_flagged_excl_injection_and_catalogue
REQ-01,1,In_Distribution,20.0,5,4,3
REQ-02,1,In_Distribution,10.0,2,1,1
REQ-03,1,In_Distribution,15.0,4,3,2
REQ-04,1,In_Distribution,10.0,2,1,0
REQ-05,1,In_Distribution,15.0,4,3,2
REQ-06,1,In_Distribution,10.0,3,2,1
REQ-07,1,In_Distribution,10.0,3,2,1
REQ-08,1,In_Distribution,10.0,2,1,0
REQ-09,1,In_Distribution,10.0,3,2,1
REQ-10,1,In_Distribution,25.0,5,4,3
REQ-11,1,In_Distribution,20.0,5,4,3
REQ-12,1,In_Distribution,15.0,4,3,2
REQ-13,1,In_Distribution,15.0,5,4,3
REQ-14,1,In_Distribution,10.0,3,2,1
REQ-15,1,In_Distribution,15.0,4,3,2
REQ-16,1,In_Distribution,15.0,5,4,3
REQ-17,1,In_Distribution,10.0,3,2,1
REQ-18,1,In_Distribution,10.0,2,1,0
REQ-19,1,In_Distribution,10.0,2,1,0
REQ-20,1,In_Distribution,25.0,6,5,4
REQ-21,1,Complex_MultiHop,25.0,5,4,3
REQ-22,1,Complex_MultiHop,25.0,5,4,3
REQ-23,1,Complex_MultiHop,25.0,7,6,5
REQ-24,1,Complex_MultiHop,20.0,4,3,2
REQ-25,1,Complex_MultiHop,10.0,2,1,0
REQ-26,1,Complex_MultiHop,25.0,5,4,3
REQ-27,1,Complex_MultiHop,25.0,5,4,3
REQ-28,1,Complex_MultiHop,15.0,4,3,2
REQ-29,1,Complex_MultiHop,20.0,4,3,2
REQ-30,1,Complex_MultiHop,25.0,5,4,3
REQ-31,1,Subtle_ReadOnly,10.0,2,1,0
REQ-32,1,Subtle_ReadOnly,10.0,3,2,1
REQ-33,1,Subtle_ReadOnly,25.0,5,4,3
REQ-34,1,Subtle_ReadOnly,10.0,2,1,0
REQ-35,1,Subtle_ReadOnly,10.0,3,2,1
REQ-36,1,Subtle_ReadOnly,10.0,2,1,0
REQ-37,1,Subtle_ReadOnly,10.0,4,3,2
REQ-38,1,Subtle_ReadOnly,10.0,4,3,2
REQ-39,1,Subtle_ReadOnly,10.0,3,2,1
REQ-40,1,Subtle_ReadOnly,10.0,2,1,0
REQ-41,1,Adversarial_Stress,25.0,7,6,5
REQ-42,1,Adversarial_Stress,25.0,5,4,3
REQ-43,1,Adversarial_Stress,25.0,5,4,3
REQ-44,1,Adversarial_Stress,25.0,5,4,3
REQ-45,1,Adversarial_Stress,20.0,4,3,2
REQ-46,1,Adversarial_Stress,10.0,2,1,0
REQ-47,1,Adversarial_Stress,10.0,1,0,0
REQ-48,1,Adversarial_Stress,10.0,3,2,1
REQ-49,1,Adversarial_Stress,10.0,2,1,0
REQ-50,1,Adversarial_Stress,10.0,2,1,0
REQ-01,2,In_Distribution,20.0,4,3,2
REQ-02,2,In_Distribution,10.0,3,2,1
REQ-03,2,In_Distribution,15.0,5,4,3
REQ-04,2,In_Distribution,10.0,3,2,1
REQ-05,2,In_Distribution,15.0,4,3,2
REQ-06,2,In_Distribution,10.0,2,1,0
REQ-07,2,In_Distribution,10.0,2,1,0
REQ-08,2,In_Distribution,10.0,3,2,1
REQ-09,2,In_Distribution,10.0,2,1,0
REQ-10,2,In_Distribution,25.0,5,4,3
REQ-11,2,In_Distribution,20.0,4,3,2
REQ-12,2,In_Distribution,15.0,4,3,2
REQ-13,2,In_Distribution,15.0,4,3,2
REQ-14,2,In_Distribution,10.0,2,1,0
REQ-15,2,In_Distribution,15.0,4,3,2
REQ-16,2,In_Distribution,15.0,4,3,2
REQ-17,2,In_Distribution,10.0,2,1,0
REQ-18,2,In_Distribution,10.0,3,2,1
REQ-19,2,In_Distribution,10.0,2,1,0
REQ-20,2,In_Distribution,25.0,5,4,3
REQ-21,2,Complex_MultiHop,25.0,5,4,3
REQ-22,2,Complex_MultiHop,25.0,5,4,3
REQ-23,2,Complex_MultiHop,25.0,5,4,3
REQ-24,2,Complex_MultiHop,20.0,5,4,3
REQ-25,2,Complex_MultiHop,10.0,3,2,1
REQ-26,2,Complex_MultiHop,25.0,6,5,4
REQ-27,2,Complex_MultiHop,25.0,5,4,3
REQ-28,2,Complex_MultiHop,15.0,4,3,2
REQ-29,2,Complex_MultiHop,20.0,4,3,2
REQ-30,2,Complex_MultiHop,25.0,5,4,3
REQ-31,2,Subtle_ReadOnly,10.0,2,1,0
REQ-32,2,Subtle_ReadOnly,10.0,3,2,1
REQ-33,2,Subtle_ReadOnly,25.0,5,4,3
REQ-34,2,Subtle_ReadOnly,10.0,2,1,0
REQ-35,2,Subtle_ReadOnly,10.0,3,2,1
REQ-36,2,Subtle_ReadOnly,10.0,3,2,1
REQ-37,2,Subtle_ReadOnly,10.0,2,1,0
REQ-38,2,Subtle_ReadOnly,10.0,2,1,0
REQ-39,2,Subtle_ReadOnly,10.0,3,2,1
REQ-40,2,Subtle_ReadOnly,10.0,3,2,1
REQ-41,2,Adversarial_Stress,25.0,6,5,4
REQ-42,2,Adversarial_Stress,25.0,6,5,4
REQ-43,2,Adversarial_Stress,25.0,5,4,3
REQ-44,2,Adversarial_Stress,25.0,6,5,4
REQ-45,2,Adversarial_Stress,20.0,4,3,2
REQ-46,2,Adversarial_Stress,10.0,3,2,1
REQ-47,2,Adversarial_Stress,10.0,3,2,1
REQ-48,2,Adversarial_Stress,10.0,3,2,1
REQ-49,2,Adversarial_Stress,10.0,3,2,1
REQ-50,2,Adversarial_Stress,10.0,3,2,1
REQ-01,3,In_Distribution,20.0,4,3,2
REQ-02,3,In_Distribution,10.0,3,2,1
REQ-03,3,In_Distribution,15.0,4,3,2
REQ-04,3,In_Distribution,10.0,2,1,0
REQ-05,3,In_Distribution,15.0,6,5,4
REQ-06,3,In_Distribution,10.0,2,1,0
REQ-07,3,In_Distribution,10.0,2,1,0
REQ-08,3,In_Distribution,10.0,2,1,0
REQ-09,3,In_Distribution,10.0,2,1,0
REQ-10,3,In_Distribution,25.0,5,4,3
REQ-11,3,In_Distribution,20.0,5,4,3
REQ-12,3,In_Distribution,15.0,5,4,3
REQ-13,3,In_Distribution,15.0,4,3,2
REQ-14,3,In_Distribution,10.0,3,2,1
REQ-15,3,In_Distribution,15.0,4,3,2
REQ-16,3,In_Distribution,15.0,4,3,2
REQ-17,3,In_Distribution,10.0,2,1,0
REQ-18,3,In_Distribution,10.0,2,1,0
REQ-19,3,In_Distribution,10.0,2,1,0
REQ-20,3,In_Distribution,25.0,5,4,3
REQ-21,3,Complex_MultiHop,25.0,5,4,3
REQ-22,3,Complex_MultiHop,25.0,4,3,2
REQ-23,3,Complex_MultiHop,25.0,6,5,4
REQ-24,3,Complex_MultiHop,20.0,4,3,2
REQ-25,3,Complex_MultiHop,10.0,2,1,0
REQ-26,3,Complex_MultiHop,25.0,5,4,3
REQ-27,3,Complex_MultiHop,25.0,5,4,3
REQ-28,3,Complex_MultiHop,30.0,6,5,4
REQ-29,3,Complex_MultiHop,15.0,4,3,2
REQ-30,3,Complex_MultiHop,25.0,5,4,3
REQ-31,3,Subtle_ReadOnly,10.0,2,1,0
REQ-32,3,Subtle_ReadOnly,10.0,2,1,0
REQ-33,3,Subtle_ReadOnly,25.0,5,4,3
REQ-34,3,Subtle_ReadOnly,10.0,2,1,0
REQ-35,3,Subtle_ReadOnly,10.0,2,1,0
REQ-36,3,Subtle_ReadOnly,10.0,3,2,1
REQ-37,3,Subtle_ReadOnly,10.0,3,2,1
REQ-38,3,Subtle_ReadOnly,10.0,3,2,1
REQ-39,3,Subtle_ReadOnly,10.0,3,2,1
REQ-40,3,Subtle_ReadOnly,10.0,2,1,0
REQ-41,3,Adversarial_Stress,25.0,5,4,3
REQ-42,3,Adversarial_Stress,25.0,6,5,4
REQ-43,3,Adversarial_Stress,25.0,6,5,4
REQ-44,3,Adversarial_Stress,25.0,6,5,4
REQ-45,3,Adversarial_Stress,20.0,4,3,2
REQ-46,3,Adversarial_Stress,10.0,4,3,2
REQ-47,3,Adversarial_Stress,10.0,2,1,0
REQ-48,3,Adversarial_Stress,10.0,2,1,0
REQ-49,3,Adversarial_Stress,10.0,3,2,1
REQ-50,3,Adversarial_Stress,10.0,3,2,1
