n_test,thresh,pos_rate,auto_mape,auto_precision,auto_recall,auto_f1,linear_pos_mape,linear_pos_precision,linear_pos_recall,linear_pos_f1,system,service,metric
1320,0.972657823254385,0.15303030303030302,68.92688730216244,0.0,0.0,0.0,68.92688730216247,0.0,0.0,0.0,TrainTicket,ts-admin-basic-info-service,CPU
1320,0.8464781555163654,0.1856060606060606,76.48929872128718,0.0,0.0,0.0,76.48929872128757,0.0,0.0,0.0,TrainTicket,ts-admin-travel-service,CPU
1320,0.6785233436827983,0.20606060606060606,91.26384845402706,0.20958083832335328,0.12867647058823528,0.15945330296127563,91.26384845402592,0.20958083832335328,0.12867647058823528,0.15945330296127563,TrainTicket,ts-assurance-service,CPU
1320,15.560812735884435,0.3795454545454545,11.62182170923683,0.44250363901018924,0.6067864271457086,0.5117845117845118,10.831739430173704,0.0,0.0,0.0,TrainTicket,ts-auth-service,CPU
1320,8.229348269752695,0.11742424242424243,21.16918050617204,0.0,0.0,0.0,45.1765383554004,0.13452027695351138,0.8774193548387097,0.2332761578044597,TrainTicket,ts-basic-service,CPU
1320,2.6778769986849102,0.19090909090909092,36.40535047444661,0.0,0.0,0.0,75.86850665537804,0.11055276381909548,0.0873015873015873,0.0975609756097561,TrainTicket,ts-config-service,CPU
1320,0.5763205900766534,0.1856060606060606,64.26599932339647,1.0,0.004081632653061225,0.008130081300813009,64.26599932339622,1.0,0.004081632653061225,0.008130081300813009,TrainTicket,ts-consign-price-service,CPU
1320,0.630191758086678,0.24924242424242424,73.71698166134495,0.2926829268292683,0.2917933130699088,0.2922374429223744,73.71698166134452,0.2926829268292683,0.2917933130699088,0.2922374429223744,TrainTicket,ts-consign-service,CPU
1320,0.8249319353972746,0.24015151515151514,67.36393715786024,0.0,0.0,0.0,103.1948240935755,0.25654450261780104,0.30914826498422715,0.2804005722460658,TrainTicket,ts-contacts-service,CPU
1320,1.4717718244371705,0.17272727272727273,92.25878062812673,0.0,0.0,0.0,92.25878062812706,0.0,0.0,0.0,TrainTicket,ts-food-map-service,CPU
1320,1.4640907676952024,0.2053030303030303,70.84475445685261,0.0,0.0,0.0,70.84475445685223,0.0,0.0,0.0,TrainTicket,ts-food-service,CPU
1320,1.062363483462516,0.14393939393939395,65.45302750047219,0.0,0.0,0.0,65.45302750047192,0.0,0.0,0.0,TrainTicket,ts-inside-payment-service,CPU
1320,4.393355253221683,0.14696969696969697,44.181420720042766,0.0,0.0,0.0,56.30404990480113,0.1488095238095238,0.3865979381443299,0.2148997134670487,TrainTicket,ts-order-other-service,CPU
1320,3.8801715983257647,0.24393939393939393,44.886044201000686,0.0,0.0,0.0,76.12183346739208,0.2533136966126657,0.5341614906832298,0.3436563436563437,TrainTicket,ts-order-service,CPU
1320,0.3965476210166241,0.27575757575757576,60.693990858223756,0.0,0.0,0.0,91.1147660389082,0.3316582914572864,0.7252747252747253,0.45517241379310347,TrainTicket,ts-payment-service,CPU
1320,0.6565508542390072,0.28106060606060607,82.98169711592857,0.0,0.0,0.0,97.95381031340507,0.43859649122807015,0.40431266846361186,0.42075736325385693,TrainTicket,ts-preserve-other-service,CPU
1320,0.7257453982526767,0.31287878787878787,68.99868154334213,0.0,0.0,0.0,106.84541999577009,0.3418693982074264,0.6464891041162227,0.4472361809045226,TrainTicket,ts-preserve-service,CPU
1320,2.228119492391424,0.19015151515151515,58.98512022281967,0.0,0.0,0.0,96.03623794858534,0.11842105263157894,0.035856573705179286,0.05504587155963303,TrainTicket,ts-price-service,CPU
1320,7.047499762562962,0.10075757575757575,45.78387387884825,0.08178438661710037,0.16541353383458646,0.10945273631840796,45.783873878848276,0.08178438661710037,0.16541353383458646,0.10945273631840796,TrainTicket,ts-route-service,CPU
1320,4.9793747554874574,0.1340909090909091,29.05496906701131,0.0,0.0,0.0,53.66193737850735,0.09401709401709402,0.062146892655367235,0.07482993197278912,TrainTicket,ts-seat-service,CPU
1320,0.776311821068042,0.22045454545454546,66.64100866734793,0.0,0.0,0.0,87.7860053167713,0.2298507462686567,0.2646048109965636,0.24600638977635783,TrainTicket,ts-security-service,CPU
1320,10.080773885455995,0.23787878787878788,24.85450103343204,0.0,0.0,0.0,42.35331820935681,0.23787878787878788,1.0,0.3843329253365973,TrainTicket,ts-station-service,CPU
1320,6.746903399423936,0.1159090909090909,25.82006047651595,0.0,0.0,0.0,44.73063336730082,0.12689173457508732,0.7124183006535948,0.21541501976284586,TrainTicket,ts-ticketinfo-service,CPU
1320,4.843753604224849,0.13560606060606062,33.579610885377015,0.0,0.0,0.0,51.88057648666613,0.13432835820895522,0.35195530726256985,0.19444444444444445,TrainTicket,ts-train-service,CPU
1320,5.882239204395031,0.18712121212121213,42.655684470818365,0.0,0.0,0.0,70.43638272438749,0.20075757575757575,0.4291497975708502,0.2735483870967742,TrainTicket,ts-travel-service,CPU
1320,7.545301891273365,0.10833333333333334,29.973706890500385,0.0,0.0,0.0,48.46906240865925,0.11864406779661017,0.3916083916083916,0.1821138211382114,TrainTicket,ts-travel2-service,CPU
1320,0.19324709470100762,0.5545454545454546,9.755068173005252,0.0,0.0,0.0,9.726049156200537,0.5679012345679012,0.6912568306010929,0.6235366605052373,TrainTicket,ts-ui-dashboard,CPU
1320,0.6193875140879628,0.175,70.51452001687066,0.0,0.0,0.0,92.32811957771543,0.22346368715083798,0.17316017316017315,0.1951219512195122,TrainTicket,ts-user-service,CPU
1320,233105717.93005115,0.31212121212121213,2.1155339930595334,0.0,0.0,0.0,2.1203291773725064,0.0,0.0,0.0,TrainTicket,ts-admin-basic-info-service,Memory
1320,231068053.7527646,0.33106060606060606,2.3282672103411093,0.0,0.0,0.0,2.3367671329547632,0.0,0.0,0.0,TrainTicket,ts-admin-travel-service,Memory
1320,242760652.72761807,0.35075757575757577,2.9046956962927317,0.0,0.0,0.0,2.772333507611577,0.0,0.0,0.0,TrainTicket,ts-assurance-service,Memory
1320,249907638.81226373,0.07424242424242425,4.9998729711098,0.0712041884816754,0.6938775510204082,0.1291547958214625,1.9742999996975055,0.0,0.0,0.0,TrainTicket,ts-auth-service,Memory
1320,246781455.1887668,0.45984848484848484,1.2915348785635838,0.49746192893401014,0.3228995057660626,0.3916083916083916,1.2915348785635832,0.49746192893401014,0.3228995057660626,0.3916083916083916,TrainTicket,ts-basic-service,Memory
1320,252724872.68301693,0.5189393939393939,1.4212235286976083,0.0,0.0,0.0,1.38485360072683,0.5303913405495421,0.92992700729927,0.6755037115588547,TrainTicket,ts-config-service,Memory
1320,242070173.4261854,0.3787878787878788,2.457233854205577,0.0,0.0,0.0,2.4232106615607445,0.0,0.0,0.0,TrainTicket,ts-consign-price-service,Memory
1320,248425280.6923899,0.33106060606060606,2.578264178904488,0.0,0.0,0.0,2.578264178904488,0.0,0.0,0.0,TrainTicket,ts-consign-service,Memory
1320,247984376.22969866,0.39015151515151514,3.598592111724134,0.0,0.0,0.0,2.7749531443713567,0.42105263157894735,0.062135922330097085,0.10829103214890017,TrainTicket,ts-contacts-service,Memory
1320,257074655.58224738,0.3151515151515151,2.374093885616128,0.0,0.0,0.0,2.374093885616128,0.0,0.0,0.0,TrainTicket,ts-food-map-service,Memory
1320,257111351.55497417,0.4681818181818182,2.546553596701186,0.0,0.0,0.0,2.546553596701184,0.0,0.0,0.0,TrainTicket,ts-food-service,Memory
1320,249818538.27762645,0.3931818181818182,3.0615554304224086,0.0,0.0,0.0,3.0375004179930563,0.0,0.0,0.0,TrainTicket,ts-inside-payment-service,Memory
1320,272259784.4636383,0.25606060606060604,2.4757225097526354,0.27606177606177607,0.4230769230769231,0.3341121495327103,2.7739212626548655,0.25677139761646806,0.7011834319526628,0.3758921490880254,TrainTicket,ts-order-other-service,Memory
1320,290800421.4504107,0.10378787878787879,4.361368204586786,0.0,0.0,0.0,4.467524863285388,0.0,0.0,0.0,TrainTicket,ts-order-service,Memory
1320,235808185.61785793,0.44772727272727275,2.311316143017564,0.0,0.0,0.0,2.401021252487897,0.4951644100580271,0.43316412859560066,0.4620938628158845,TrainTicket,ts-payment-service,Memory
1320,227097134.98364016,0.36666666666666664,2.9863998084433225,0.0,0.0,0.0,3.0066074959910383,0.41379310344827586,0.09917355371900827,0.16,TrainTicket,ts-preserve-other-service,Memory
1320,229497031.65528393,0.3734848484848485,2.9326401279429377,0.0,0.0,0.0,2.9423499591714855,0.32653061224489793,0.12981744421906694,0.18577648766328012,TrainTicket,ts-preserve-service,Memory
1320,255306386.45943564,0.44393939393939397,1.3490284874456377,0.0,0.0,0.0,1.4577833132163491,0.44047619047619047,0.8839590443686007,0.5879682179341658,TrainTicket,ts-price-service,Memory
1320,268835635.7450077,0.11363636363636363,3.17173193865993,0.22123893805309736,0.16666666666666666,0.19011406844106463,2.2645473856402742,0.0,0.0,0.0,TrainTicket,ts-route-service,Memory
1320,244541910.83278787,0.328030303030303,1.1776278506956788,0.0,0.0,0.0,1.1776278506956788,0.0,0.0,0.0,TrainTicket,ts-seat-service,Memory
1320,249147821.79486647,0.36666666666666664,3.3910057131638096,0.0,0.0,0.0,2.802761854942101,0.34375,0.13636363636363635,0.1952662721893491,TrainTicket,ts-security-service,Memory
1320,264937344.71114454,0.34393939393939393,1.8940734214019155,0.0,0.0,0.0,2.035246487583881,0.3030973451327434,0.30176211453744495,0.30242825607064017,TrainTicket,ts-station-service,Memory
1320,248627786.7279338,0.3409090909090909,1.963840185842771,0.31954887218045114,0.18888888888888888,0.23743016759776536,1.8840760739808262,0.23076923076923078,0.006666666666666667,0.012958963282937365,TrainTicket,ts-ticketinfo-service,Memory
1320,254767978.40372103,0.34393939393939393,1.914538795083711,0.35968379446640314,0.4008810572687225,0.37916666666666665,1.9145387950837145,0.35968379446640314,0.4008810572687225,0.37916666666666665,TrainTicket,ts-train-service,Memory
1320,291750581.44549614,0.06287878787878788,2.418891974287451,0.0,0.0,0.0,2.4652780726095638,0.0,0.0,0.0,TrainTicket,ts-travel-service,Memory
1320,279346937.7356257,0.4,1.353048069915575,0.0,0.0,0.0,1.5134595889500637,0.37029063509149623,0.6515151515151515,0.4722031571722718,TrainTicket,ts-travel2-service,Memory
1320,3665550.1656924114,0.2863636363636364,0.9691942246699429,0.0,0.0,0.0,0.9429818243839162,0.0,0.0,0.0,TrainTicket,ts-ui-dashboard,Memory
1320,225891365.10606727,0.42424242424242425,4.419094438986173,0.0,0.0,0.0,2.703934927831863,0.4492753623188406,0.2767857142857143,0.3425414364640884,TrainTicket,ts-user-service,Memory
1320,7.233014155637998,0.26515151515151514,11.055424545016852,0.0,0.0,0.0,11.055424545016844,0.0,0.0,0.0,TrainTicket,ts-admin-basic-info-service,Socket
1320,7.431421131548372,0.325,10.936319418032095,0.0,0.0,0.0,10.93631941803209,0.0,0.0,0.0,TrainTicket,ts-admin-travel-service,Socket
1320,8.479636177052438,0.24848484848484848,5.605682788437007,0.0,0.0,0.0,5.605682788437007,0.0,0.0,0.0,TrainTicket,ts-assurance-service,Socket
1320,15.315847122100122,0.23106060606060605,11.33777525591931,0.0,0.0,0.0,11.123919856999018,0.0,0.0,0.0,TrainTicket,ts-auth-service,Socket
1320,10.532501716443662,0.46060606060606063,13.013132875103494,0.0,0.0,0.0,14.7268173936732,0.46060606060606063,1.0,0.6307053941908713,TrainTicket,ts-basic-service,Socket
1320,11.609344794367203,0.36515151515151517,9.170629905606344,0.0,0.0,0.0,11.33794643250478,0.36515151515151517,1.0,0.5349611542730299,TrainTicket,ts-config-service,Socket
1320,9.19573326356501,0.1621212121212121,12.600767036930725,0.17183098591549295,0.2850467289719626,0.21441124780316345,9.86045552512445,0.0,0.0,0.0,TrainTicket,ts-consign-price-service,Socket
1320,9.184972115589785,0.20833333333333334,11.424013505240728,0.0,0.0,0.0,11.424013505240728,0.0,0.0,0.0,TrainTicket,ts-consign-service,Socket
1320,9.443741466216348,0.25757575757575757,8.464553716060701,0.0,0.0,0.0,11.652056839054948,0.2633371169125993,0.6823529411764706,0.38001638001638,TrainTicket,ts-contacts-service,Socket
1320,10.105428155891726,0.15757575757575756,7.713840018742922,0.0,0.0,0.0,7.713840018742923,0.0,0.0,0.0,TrainTicket,ts-food-map-service,Socket
1320,10.278891386406427,0.31666666666666665,9.90714204211774,0.0,0.0,0.0,9.528698147907127,0.41798941798941797,0.18899521531100477,0.2602965403624382,TrainTicket,ts-food-service,Socket
1320,8.76241690946781,0.5045454545454545,9.665120607259183,0.5507868383404864,0.5780780780780781,0.5641025641025641,9.665120607259123,0.5507868383404864,0.5780780780780781,0.5641025641025641,TrainTicket,ts-inside-payment-service,Socket
1320,18.3846207070386,0.525,26.48910916114505,0.5252764612954186,0.9595959595959596,0.6789178152118428,26.489109161145088,0.5252764612954186,0.9595959595959596,0.6789178152118428,TrainTicket,ts-order-other-service,Socket
1320,12.797623352635101,0.36515151515151517,13.630132638176947,0.0,0.0,0.0,12.668727173610922,0.3674540682414698,0.8713692946058091,0.5169230769230769,TrainTicket,ts-order-service,Socket
1320,7.8870121297899605,0.718939393939394,7.892778482956139,0.0,0.0,0.0,12.666819714468543,0.718939393939394,1.0,0.8364918466284706,TrainTicket,ts-payment-service,Socket
1320,7.098862954801149,0.578030303030303,31.465905511021695,0.578030303030303,1.0,0.7325972155544888,39.09398781078457,0.578030303030303,1.0,0.7325972155544888,TrainTicket,ts-preserve-other-service,Socket
1320,7.749111581443673,0.6386363636363637,28.67744801039954,0.6145077720207254,0.7034400948991696,0.6559734513274337,37.96528055463932,0.6386363636363637,1.0,0.7794729542302358,TrainTicket,ts-preserve-service,Socket
1320,15.91848940816676,0.3143939393939394,29.30191090179394,0.0,0.0,0.0,36.89445712935252,0.3577981651376147,0.18795180722891566,0.24644549763033174,TrainTicket,ts-price-service,Socket
1320,16.696834722443526,0.3287878787878788,15.352574093097077,0.0,0.0,0.0,15.439377111982132,0.0,0.0,0.0,TrainTicket,ts-route-service,Socket
1320,11.433339244254633,0.35984848484848486,13.183369299625866,0.0,0.0,0.0,19.167651835544365,0.35984848484848486,1.0,0.5292479108635098,TrainTicket,ts-seat-service,Socket
1320,10.408694332837829,0.38181818181818183,10.585401811224413,0.0,0.0,0.0,15.830491341137511,0.38181818181818183,1.0,0.5526315789473685,TrainTicket,ts-security-service,Socket
1320,18.871816730710513,0.27954545454545454,19.512091796298993,0.0,0.0,0.0,20.754194715546156,0.0,0.0,0.0,TrainTicket,ts-station-service,Socket
1320,8.828565380838139,0.5416666666666666,11.77149398748223,0.0,0.0,0.0,11.95234905004288,0.5799086757990868,0.35524475524475524,0.4405897658282741,TrainTicket,ts-ticketinfo-service,Socket
1320,16.970131789904208,0.4121212121212121,18.923874639273027,0.0,0.0,0.0,22.650444998524403,0.4144951140065147,0.9356617647058824,0.5744920993227991,TrainTicket,ts-train-service,Socket
1320,16.74045057287615,0.49772727272727274,16.149724267704492,0.0,0.0,0.0,12.723606759461447,0.49772727272727274,1.0,0.6646433990895296,TrainTicket,ts-travel-service,Socket
1320,18.905820496433574,0.5424242424242425,9.566560723195439,0.0,0.0,0.0,11.988730442481778,0.5424242424242425,1.0,0.7033398821218074,TrainTicket,ts-travel2-service,Socket
1320,14.80857323040366,0.2962121212121212,12.752316961261212,0.0,0.0,0.0,12.730449868174215,0.0,0.0,0.0,TrainTicket,ts-ui-dashboard,Socket
1320,9.735764286090154,0.4075757575757576,11.934107856539113,0.0,0.0,0.0,12.97376508142413,0.4579710144927536,0.2936802973977695,0.3578708946772367,TrainTicket,ts-user-service,Socket
