repeat_id,llm_backend,run_timestamp,config,prompt_id,category,requirement,expected_anchor,pred_delta,abs_error,injection_service,core_services,physical_boundary_violation,service_hallucination,gateway_misdirection,status,saturated_services,verdict,confidence,is_out_of_scope,llm_calls,llm_latency_ms
1,SYNTHETIC_OFFLINE_EMULATOR_DO_NOT_CITE_AS_LLM_RESULT,2026-09-09T09:32:40.759072,Single_LLM_Call,REQ-01,In_Distribution,Khách hàng muốn áp dụng mã giảm giá voucher 20% tại màn hình thanh toán trước khi xác nhận đơn hàng.,20.0,22.0,2.0,front-end,"['front-end', 'carts', 'payment']",False,False,False,SAFE,[],CAN_DEPLOY,HIGH,False,1,0.0362396240234375
1,SYNTHETIC_OFFLINE_EMULATOR_DO_NOT_CITE_AS_LLM_RESULT,2026-09-09T09:32:40.759072,Guarded_MAS_Pipeline,REQ-01,In_Distribution,Khách hàng muốn áp dụng mã giảm giá voucher 20% tại màn hình thanh toán trước khi xác nhận đơn hàng.,20.0,20.0,0.0,front-end,"['front-end', 'carts', 'orders', 'payment']",False,False,False,CRITICAL,"['carts (CPU +25.02%)', 'catalogue (CPU +153.17%)']",NEEDS_SCALING,HIGH,False,1,0.06818771362304688
1,SYNTHETIC_OFFLINE_EMULATOR_DO_NOT_CITE_AS_LLM_RESULT,2026-09-09T09:32:40.759072,Single_LLM_Call,REQ-02,In_Distribution,Tích hợp tính năng gợi ý sản phẩm liên quan (You may also like) trên trang chi tiết dựa vào lịch sử xem hàng.,30.0,22.0,8.0,front-end,"['front-end', 'carts', 'payment']",False,False,False,SAFE,[],CAN_DEPLOY,HIGH,False,1,0.053882598876953125
1,SYNTHETIC_OFFLINE_EMULATOR_DO_NOT_CITE_AS_LLM_RESULT,2026-09-09T09:32:40.759072,Guarded_MAS_Pipeline,REQ-02,In_Distribution,Tích hợp tính năng gợi ý sản phẩm liên quan (You may also like) trên trang chi tiết dựa vào lịch sử xem hàng.,30.0,10.0,20.0,front-end,"['front-end', 'catalogue']",False,False,False,WARNING,['catalogue (CPU +58.49%)'],NEEDS_SCALING,HIGH,False,1,0.08177757263183594
1,SYNTHETIC_OFFLINE_EMULATOR_DO_NOT_CITE_AS_LLM_RESULT,2026-09-09T09:32:40.759072,Single_LLM_Call,REQ-03,In_Distribution,Theo dõi trạng thái đơn hàng theo thời gian thực với vị trí bưu kiện và tiến độ giao hàng live shipping updates.,15.0,22.0,7.0,front-end,"['front-end', 'carts', 'payment']",False,False,False,SAFE,[],CAN_DEPLOY,HIGH,False,1,0.030040740966796875
1,SYNTHETIC_OFFLINE_EMULATOR_DO_NOT_CITE_AS_LLM_RESULT,2026-09-09T09:32:40.759072,Guarded_MAS_Pipeline,REQ-03,In_Distribution,Theo dõi trạng thái đơn hàng theo thời gian thực với vị trí bưu kiện và tiến độ giao hàng live shipping updates.,15.0,15.0,0.0,front-end,"['front-end', 'orders', 'shipping']",False,False,False,WARNING,['catalogue (CPU +109.81%)'],NEEDS_SCALING,HIGH,False,1,0.09226799011230469
1,SYNTHETIC_OFFLINE_EMULATOR_DO_NOT_CITE_AS_LLM_RESULT,2026-09-09T09:32:40.759072,Single_LLM_Call,REQ-04,In_Distribution,Cho phép người dùng để lại đánh giá sao (1-5 sao) và bình luận kèm ảnh sau khi hoàn tất mua sắm.,10.0,22.0,12.0,front-end,"['front-end', 'carts', 'payment']",False,False,False,SAFE,[],CAN_DEPLOY,HIGH,False,1,0.030040740966796875
1,SYNTHETIC_OFFLINE_EMULATOR_DO_NOT_CITE_AS_LLM_RESULT,2026-09-09T09:32:40.759072,Guarded_MAS_Pipeline,REQ-04,In_Distribution,Cho phép người dùng để lại đánh giá sao (1-5 sao) và bình luận kèm ảnh sau khi hoàn tất mua sắm.,10.0,10.0,0.0,front-end,"['front-end', 'carts', 'payment']",False,False,False,WARNING,['catalogue (CPU +68.87%)'],NEEDS_SCALING,LOW,False,2,0.10800361633300781
1,SYNTHETIC_OFFLINE_EMULATOR_DO_NOT_CITE_AS_LLM_RESULT,2026-09-09T09:32:40.759072,Single_LLM_Call,REQ-05,In_Distribution,Thêm sản phẩm nhanh vào giỏ hàng từ danh sách hiển thị catalogue chỉ với một nút bấm Quick Add.,15.0,22.0,7.0,front-end,"['front-end', 'carts', 'payment']",False,False,False,SAFE,[],CAN_DEPLOY,HIGH,False,1,0.030040740966796875
1,SYNTHETIC_OFFLINE_EMULATOR_DO_NOT_CITE_AS_LLM_RESULT,2026-09-09T09:32:40.759072,Guarded_MAS_Pipeline,REQ-05,In_Distribution,Thêm sản phẩm nhanh vào giỏ hàng từ danh sách hiển thị catalogue chỉ với một nút bấm Quick Add.,15.0,15.0,0.0,front-end,"['front-end', 'catalogue', 'carts']",False,False,False,WARNING,['catalogue (CPU +72.01%)'],NEEDS_SCALING,HIGH,False,1,0.08130073547363281
1,SYNTHETIC_OFFLINE_EMULATOR_DO_NOT_CITE_AS_LLM_RESULT,2026-09-09T09:32:40.759072,Single_LLM_Call,REQ-06,In_Distribution,Xem danh sách và chi tiết các mặt hàng trong giỏ hàng hiện tại kèm tính tổng tiền tạm tính.,10.0,22.0,12.0,front-end,"['front-end', 'carts', 'payment']",False,False,False,SAFE,[],CAN_DEPLOY,HIGH,False,1,0.029087066650390625
1,SYNTHETIC_OFFLINE_EMULATOR_DO_NOT_CITE_AS_LLM_RESULT,2026-09-09T09:32:40.759072,Guarded_MAS_Pipeline,REQ-06,In_Distribution,Xem danh sách và chi tiết các mặt hàng trong giỏ hàng hiện tại kèm tính tổng tiền tạm tính.,10.0,10.0,0.0,front-end,"['front-end', 'catalogue']",False,False,False,WARNING,['catalogue (CPU +32.56%)'],NEEDS_SCALING,HIGH,False,1,0.07796287536621094
1,SYNTHETIC_OFFLINE_EMULATOR_DO_NOT_CITE_AS_LLM_RESULT,2026-09-09T09:32:40.759072,Single_LLM_Call,REQ-07,In_Distribution,Duyệt danh mục sản phẩm vớ tất thể thao và lọc theo kích cỡ màu sắc từ danh sách catalogue.,10.0,22.0,12.0,front-end,"['front-end', 'carts', 'payment']",False,False,False,SAFE,[],CAN_DEPLOY,HIGH,False,1,0.029087066650390625
1,SYNTHETIC_OFFLINE_EMULATOR_DO_NOT_CITE_AS_LLM_RESULT,2026-09-09T09:32:40.759072,Guarded_MAS_Pipeline,REQ-07,In_Distribution,Duyệt danh mục sản phẩm vớ tất thể thao và lọc theo kích cỡ màu sắc từ danh sách catalogue.,10.0,10.0,0.0,front-end,"['front-end', 'catalogue']",False,False,False,WARNING,['catalogue (CPU +59.46%)'],NEEDS_SCALING,HIGH,False,1,0.0820159912109375
1,SYNTHETIC_OFFLINE_EMULATOR_DO_NOT_CITE_AS_LLM_RESULT,2026-09-09T09:32:40.759072,Single_LLM_Call,REQ-08,In_Distribution,Khách hàng mới tạo tài khoản thành viên bằng email và mật khẩu tại trang đăng ký.,10.0,22.0,12.0,front-end,"['front-end', 'carts', 'payment']",False,False,False,SAFE,[],CAN_DEPLOY,HIGH,False,1,0.030040740966796875
1,SYNTHETIC_OFFLINE_EMULATOR_DO_NOT_CITE_AS_LLM_RESULT,2026-09-09T09:32:40.759072,Guarded_MAS_Pipeline,REQ-08,In_Distribution,Khách hàng mới tạo tài khoản thành viên bằng email và mật khẩu tại trang đăng ký.,10.0,10.0,0.0,front-end,"['front-end', 'user']",False,False,False,SAFE,[],CAN_DEPLOY,HIGH,False,1,0.07987022399902344
1,SYNTHETIC_OFFLINE_EMULATOR_DO_NOT_CITE_AS_LLM_RESULT,2026-09-09T09:32:40.759072,Single_LLM_Call,REQ-09,In_Distribution,Đăng nhập người dùng bằng username và xác thực phiên làm việc an toàn.,10.0,22.0,12.0,front-end,"['front-end', 'carts', 'payment']",False,False,False,SAFE,[],CAN_DEPLOY,HIGH,False,1,0.029802322387695312
1,SYNTHETIC_OFFLINE_EMULATOR_DO_NOT_CITE_AS_LLM_RESULT,2026-09-09T09:32:40.759072,Guarded_MAS_Pipeline,REQ-09,In_Distribution,Đăng nhập người dùng bằng username và xác thực phiên làm việc an toàn.,10.0,10.0,0.0,front-end,"['front-end', 'carts', 'payment']",False,False,False,WARNING,['catalogue (CPU +25.85%)'],NEEDS_SCALING,LOW,False,2,0.10585784912109375
1,SYNTHETIC_OFFLINE_EMULATOR_DO_NOT_CITE_AS_LLM_RESULT,2026-09-09T09:32:40.759072,Single_LLM_Call,REQ-10,In_Distribution,"Quy trình đặt hàng trọn gói bao gồm trừ tồn kho, tính phí vận chuyển và thanh toán thẻ tín dụng.",25.0,22.0,3.0,front-end,"['front-end', 'carts', 'payment']",False,False,False,SAFE,[],CAN_DEPLOY,HIGH,False,1,0.029325485229492188
1,SYNTHETIC_OFFLINE_EMULATOR_DO_NOT_CITE_AS_LLM_RESULT,2026-09-09T09:32:40.759072,Guarded_MAS_Pipeline,REQ-10,In_Distribution,"Quy trình đặt hàng trọn gói bao gồm trừ tồn kho, tính phí vận chuyển và thanh toán thẻ tín dụng.",25.0,25.0,0.0,front-end,"['front-end', 'user', 'catalogue', 'carts', 'orders', 'payment', 'shipping']",False,False,False,WARNING,['catalogue (CPU +230.72%)'],NEEDS_SCALING,HIGH,False,1,0.09775161743164062
1,SYNTHETIC_OFFLINE_EMULATOR_DO_NOT_CITE_AS_LLM_RESULT,2026-09-09T09:32:40.759072,Single_LLM_Call,REQ-11,In_Distribution,Thêm mã giảm giá sinh nhật tự động chiết khấu 15% vào hóa đơn giỏ hàng của khách hàng thân thiết.,20.0,22.0,2.0,front-end,"['front-end', 'carts', 'payment']",False,False,False,SAFE,[],CAN_DEPLOY,HIGH,False,1,0.029325485229492188
1,SYNTHETIC_OFFLINE_EMULATOR_DO_NOT_CITE_AS_LLM_RESULT,2026-09-09T09:32:40.759072,Guarded_MAS_Pipeline,REQ-11,In_Distribution,Thêm mã giảm giá sinh nhật tự động chiết khấu 15% vào hóa đơn giỏ hàng của khách hàng thân thiết.,20.0,20.0,0.0,front-end,"['front-end', 'carts', 'orders', 'payment']",False,False,False,WARNING,['catalogue (CPU +148.2%)'],NEEDS_SCALING,HIGH,False,1,0.05793571472167969
1,SYNTHETIC_OFFLINE_EMULATOR_DO_NOT_CITE_AS_LLM_RESULT,2026-09-09T09:32:40.759072,Single_LLM_Call,REQ-12,In_Distribution,Gợi ý các mặt hàng thường được mua cùng nhau (Frequently Bought Together) dưới nút thêm giỏ hàng.,30.0,22.0,8.0,front-end,"['front-end', 'carts', 'payment']",False,False,False,SAFE,[],CAN_DEPLOY,HIGH,False,1,0.029087066650390625
1,SYNTHETIC_OFFLINE_EMULATOR_DO_NOT_CITE_AS_LLM_RESULT,2026-09-09T09:32:40.759072,Guarded_MAS_Pipeline,REQ-12,In_Distribution,Gợi ý các mặt hàng thường được mua cùng nhau (Frequently Bought Together) dưới nút thêm giỏ hàng.,30.0,15.0,15.0,front-end,"['front-end', 'catalogue', 'carts']",False,False,False,CRITICAL,"['carts (CPU +26.98%)', 'catalogue (CPU +81.45%)']",NEEDS_SCALING,HIGH,False,1,0.07915496826171875
1,SYNTHETIC_OFFLINE_EMULATOR_DO_NOT_CITE_AS_LLM_RESULT,2026-09-09T09:32:40.759072,Single_LLM_Call,REQ-13,In_Distribution,Kiểm tra mã vận đơn chuyển phát nhanh và hiển thị lộ trình tài xế đang giao kiện hàng.,15.0,22.0,7.0,front-end,"['front-end', 'carts', 'payment']",False,False,False,SAFE,[],CAN_DEPLOY,HIGH,False,1,0.030040740966796875
1,SYNTHETIC_OFFLINE_EMULATOR_DO_NOT_CITE_AS_LLM_RESULT,2026-09-09T09:32:40.759072,Guarded_MAS_Pipeline,REQ-13,In_Distribution,Kiểm tra mã vận đơn chuyển phát nhanh và hiển thị lộ trình tài xế đang giao kiện hàng.,15.0,20.0,5.0,front-end,"['front-end', 'carts', 'payment']",False,False,False,WARNING,['catalogue (CPU +175.39%)'],NEEDS_SCALING,LOW,False,2,0.08273124694824219
1,SYNTHETIC_OFFLINE_EMULATOR_DO_NOT_CITE_AS_LLM_RESULT,2026-09-09T09:32:40.759072,Single_LLM_Call,REQ-14,In_Distribution,Đánh giá chất lượng vớ sau khi nhận hàng và xếp hạng mức độ hài lòng về dịch vụ giao hàng.,10.0,22.0,12.0,front-end,"['front-end', 'carts', 'payment']",False,False,False,SAFE,[],CAN_DEPLOY,HIGH,False,1,0.028848648071289062
1,SYNTHETIC_OFFLINE_EMULATOR_DO_NOT_CITE_AS_LLM_RESULT,2026-09-09T09:32:40.759072,Guarded_MAS_Pipeline,REQ-14,In_Distribution,Đánh giá chất lượng vớ sau khi nhận hàng và xếp hạng mức độ hài lòng về dịch vụ giao hàng.,10.0,15.0,5.0,front-end,"['front-end', 'carts', 'payment']",False,False,False,WARNING,['catalogue (CPU +115.82%)'],NEEDS_SCALING,LOW,False,2,0.11086463928222656
1,SYNTHETIC_OFFLINE_EMULATOR_DO_NOT_CITE_AS_LLM_RESULT,2026-09-09T09:32:40.759072,Single_LLM_Call,REQ-15,In_Distribution,Chọn số lượng 5 đôi vớ và bấm nút đưa vào giỏ hàng mua sắm.,15.0,22.0,7.0,front-end,"['front-end', 'carts', 'payment']",False,False,False,SAFE,[],CAN_DEPLOY,HIGH,False,1,0.03504753112792969
1,SYNTHETIC_OFFLINE_EMULATOR_DO_NOT_CITE_AS_LLM_RESULT,2026-09-09T09:32:40.759072,Guarded_MAS_Pipeline,REQ-15,In_Distribution,Chọn số lượng 5 đôi vớ và bấm nút đưa vào giỏ hàng mua sắm.,15.0,15.0,0.0,front-end,"['front-end', 'carts', 'payment']",False,False,False,WARNING,['catalogue (CPU +80.31%)'],NEEDS_SCALING,LOW,False,2,0.11134147644042969
1,SYNTHETIC_OFFLINE_EMULATOR_DO_NOT_CITE_AS_LLM_RESULT,2026-09-09T09:32:40.759072,Single_LLM_Call,REQ-16,In_Distribution,Mở ngăn kéo giỏ hàng mini (slide-in cart) để kiểm tra danh mục hàng đã chọn trước khi checkout.,10.0,22.0,12.0,front-end,"['front-end', 'carts', 'payment']",False,False,False,SAFE,[],CAN_DEPLOY,HIGH,False,1,0.030994415283203125
1,SYNTHETIC_OFFLINE_EMULATOR_DO_NOT_CITE_AS_LLM_RESULT,2026-09-09T09:32:40.759072,Guarded_MAS_Pipeline,REQ-16,In_Distribution,Mở ngăn kéo giỏ hàng mini (slide-in cart) để kiểm tra danh mục hàng đã chọn trước khi checkout.,10.0,15.0,5.0,front-end,"['front-end', 'catalogue', 'carts']",False,False,False,WARNING,['catalogue (CPU +97.13%)'],NEEDS_SCALING,HIGH,False,1,0.07915496826171875
1,SYNTHETIC_OFFLINE_EMULATOR_DO_NOT_CITE_AS_LLM_RESULT,2026-09-09T09:32:40.759072,Single_LLM_Call,REQ-17,In_Distribution,Tìm kiếm sản phẩm theo từ khóa 'vớ len mùa đông' và duyệt danh mục tìm kiếm.,10.0,22.0,12.0,front-end,"['front-end', 'carts', 'payment']",False,False,False,SAFE,[],CAN_DEPLOY,HIGH,False,1,0.029087066650390625
1,SYNTHETIC_OFFLINE_EMULATOR_DO_NOT_CITE_AS_LLM_RESULT,2026-09-09T09:32:40.759072,Guarded_MAS_Pipeline,REQ-17,In_Distribution,Tìm kiếm sản phẩm theo từ khóa 'vớ len mùa đông' và duyệt danh mục tìm kiếm.,10.0,10.0,0.0,front-end,"['front-end', 'carts', 'payment']",False,False,False,WARNING,['catalogue (CPU +47.93%)'],NEEDS_SCALING,LOW,False,2,0.10228157043457031
1,SYNTHETIC_OFFLINE_EMULATOR_DO_NOT_CITE_AS_LLM_RESULT,2026-09-09T09:32:40.759072,Single_LLM_Call,REQ-18,In_Distribution,Đăng ký thành viên mới nhận ngay email kích hoạt tài khoản người dùng.,10.0,22.0,12.0,front-end,"['front-end', 'carts', 'payment']",False,False,False,SAFE,[],CAN_DEPLOY,HIGH,False,1,0.029087066650390625
1,SYNTHETIC_OFFLINE_EMULATOR_DO_NOT_CITE_AS_LLM_RESULT,2026-09-09T09:32:40.759072,Guarded_MAS_Pipeline,REQ-18,In_Distribution,Đăng ký thành viên mới nhận ngay email kích hoạt tài khoản người dùng.,10.0,10.0,0.0,front-end,"['front-end', 'carts', 'payment']",False,False,False,WARNING,['catalogue (CPU +72.61%)'],NEEDS_SCALING,LOW,False,2,0.102996826171875
1,SYNTHETIC_OFFLINE_EMULATOR_DO_NOT_CITE_AS_LLM_RESULT,2026-09-09T09:32:40.759072,Single_LLM_Call,REQ-19,In_Distribution,Đăng nhập nhanh bằng số điện thoại và mật khẩu cá nhân.,10.0,22.0,12.0,front-end,"['front-end', 'carts', 'payment']",False,False,False,SAFE,[],CAN_DEPLOY,HIGH,False,1,0.028848648071289062
1,SYNTHETIC_OFFLINE_EMULATOR_DO_NOT_CITE_AS_LLM_RESULT,2026-09-09T09:32:40.759072,Guarded_MAS_Pipeline,REQ-19,In_Distribution,Đăng nhập nhanh bằng số điện thoại và mật khẩu cá nhân.,10.0,10.0,0.0,front-end,"['front-end', 'carts', 'payment']",False,False,False,WARNING,['catalogue (CPU +25.69%)'],NEEDS_SCALING,LOW,False,2,0.10824203491210938
1,SYNTHETIC_OFFLINE_EMULATOR_DO_NOT_CITE_AS_LLM_RESULT,2026-09-09T09:32:40.759072,Single_LLM_Call,REQ-20,In_Distribution,Xác nhận mua hàng một chạm (One-Click Buy) cho toàn bộ giỏ hàng và thanh toán tự động.,25.0,22.0,3.0,front-end,"['front-end', 'carts', 'payment']",False,False,False,SAFE,[],CAN_DEPLOY,HIGH,False,1,0.030040740966796875
1,SYNTHETIC_OFFLINE_EMULATOR_DO_NOT_CITE_AS_LLM_RESULT,2026-09-09T09:32:40.759072,Guarded_MAS_Pipeline,REQ-20,In_Distribution,Xác nhận mua hàng một chạm (One-Click Buy) cho toàn bộ giỏ hàng và thanh toán tự động.,25.0,25.0,0.0,front-end,"['front-end', 'user', 'catalogue', 'carts', 'orders', 'payment', 'shipping']",False,False,False,CRITICAL,"['carts (CPU +25.76%)', 'catalogue (CPU +197.66%)']",NEEDS_SCALING,HIGH,False,1,0.08511543273925781
1,SYNTHETIC_OFFLINE_EMULATOR_DO_NOT_CITE_AS_LLM_RESULT,2026-09-09T09:32:40.759072,Single_LLM_Call,REQ-21,Complex_MultiHop,"Chương trình Flash Sale đếm ngược nửa đêm: áp dụng đồng thời voucher giảm sốc, kiểm tra giỏ hàng và xử lý thanh toán dồn dập.",25.0,22.0,3.0,front-end,"['front-end', 'carts', 'payment']",False,False,False,SAFE,[],CAN_DEPLOY,HIGH,False,1,0.024080276489257812
1,SYNTHETIC_OFFLINE_EMULATOR_DO_NOT_CITE_AS_LLM_RESULT,2026-09-09T09:32:40.759072,Guarded_MAS_Pipeline,REQ-21,Complex_MultiHop,"Chương trình Flash Sale đếm ngược nửa đêm: áp dụng đồng thời voucher giảm sốc, kiểm tra giỏ hàng và xử lý thanh toán dồn dập.",25.0,25.0,0.0,front-end,"['front-end', 'carts', 'payment']",False,False,False,WARNING,['catalogue (CPU +231.51%)'],NEEDS_SCALING,LOW,False,2,0.10800361633300781
1,SYNTHETIC_OFFLINE_EMULATOR_DO_NOT_CITE_AS_LLM_RESULT,2026-09-09T09:32:40.759072,Single_LLM_Call,REQ-22,Complex_MultiHop,"Hệ thống đấu giá trực tiếp: người dùng đặt lệnh đấu giá, trừ tiền đặt cọc và tự động tạo đơn hàng khi thắng cuộc.",25.0,22.0,3.0,front-end,"['front-end', 'carts', 'payment']",False,False,False,SAFE,[],CAN_DEPLOY,HIGH,False,1,0.07581710815429688
1,SYNTHETIC_OFFLINE_EMULATOR_DO_NOT_CITE_AS_LLM_RESULT,2026-09-09T09:32:40.759072,Guarded_MAS_Pipeline,REQ-22,Complex_MultiHop,"Hệ thống đấu giá trực tiếp: người dùng đặt lệnh đấu giá, trừ tiền đặt cọc và tự động tạo đơn hàng khi thắng cuộc.",25.0,15.0,10.0,front-end,"['front-end', 'carts', 'payment']",False,False,False,WARNING,['catalogue (CPU +71.22%)'],NEEDS_SCALING,LOW,False,2,0.11420249938964844
1,SYNTHETIC_OFFLINE_EMULATOR_DO_NOT_CITE_AS_LLM_RESULT,2026-09-09T09:32:40.759072,Single_LLM_Call,REQ-23,Complex_MultiHop,Thanh toán trả góp qua thẻ tín dụng ngân hàng với xác thực OTP và gửi thông báo vận chuyển tức thì.,25.0,22.0,3.0,front-end,"['front-end', 'carts', 'payment']",False,False,False,SAFE,[],CAN_DEPLOY,HIGH,False,1,0.029802322387695312
1,SYNTHETIC_OFFLINE_EMULATOR_DO_NOT_CITE_AS_LLM_RESULT,2026-09-09T09:32:40.759072,Guarded_MAS_Pipeline,REQ-23,Complex_MultiHop,Thanh toán trả góp qua thẻ tín dụng ngân hàng với xác thực OTP và gửi thông báo vận chuyển tức thì.,25.0,25.0,0.0,front-end,"['front-end', 'carts', 'payment']",False,False,False,CRITICAL,"['carts (CPU +29.51%)', 'catalogue (CPU +228.72%)']",NEEDS_SCALING,LOW,False,2,0.10967254638671875
1,SYNTHETIC_OFFLINE_EMULATOR_DO_NOT_CITE_AS_LLM_RESULT,2026-09-09T09:32:40.759072,Single_LLM_Call,REQ-24,Complex_MultiHop,"Tích điểm thưởng loyalty point khi checkout: kiểm tra hồ sơ user, trừ điểm trong giỏ hàng và phát hành voucher giảm giá đơn sau.",20.0,22.0,2.0,front-end,"['front-end', 'carts', 'payment']",False,False,False,SAFE,[],CAN_DEPLOY,HIGH,False,1,0.024080276489257812
1,SYNTHETIC_OFFLINE_EMULATOR_DO_NOT_CITE_AS_LLM_RESULT,2026-09-09T09:32:40.759072,Guarded_MAS_Pipeline,REQ-24,Complex_MultiHop,"Tích điểm thưởng loyalty point khi checkout: kiểm tra hồ sơ user, trừ điểm trong giỏ hàng và phát hành voucher giảm giá đơn sau.",20.0,20.0,0.0,front-end,"['front-end', 'carts', 'orders', 'payment']",False,False,False,WARNING,['catalogue (CPU +190.33%)'],NEEDS_SCALING,HIGH,False,1,0.05793571472167969
1,SYNTHETIC_OFFLINE_EMULATOR_DO_NOT_CITE_AS_LLM_RESULT,2026-09-09T09:32:40.759072,Single_LLM_Call,REQ-25,Complex_MultiHop,"Trợ lý ảo AI mua sắm: tự động phân tích sở thích, duyệt toàn bộ catalogue và cho sản phẩm vào giỏ hàng.",30.0,22.0,8.0,front-end,"['front-end', 'carts', 'payment']",False,False,False,SAFE,[],CAN_DEPLOY,HIGH,False,1,0.029087066650390625
1,SYNTHETIC_OFFLINE_EMULATOR_DO_NOT_CITE_AS_LLM_RESULT,2026-09-09T09:32:40.759072,Guarded_MAS_Pipeline,REQ-25,Complex_MultiHop,"Trợ lý ảo AI mua sắm: tự động phân tích sở thích, duyệt toàn bộ catalogue và cho sản phẩm vào giỏ hàng.",30.0,10.0,20.0,front-end,"['front-end', 'catalogue']",False,False,False,WARNING,['catalogue (CPU +29.44%)'],NEEDS_SCALING,HIGH,False,1,0.07677078247070312
1,SYNTHETIC_OFFLINE_EMULATOR_DO_NOT_CITE_AS_LLM_RESULT,2026-09-09T09:32:40.759072,Single_LLM_Call,REQ-26,Complex_MultiHop,"Đổi trả hàng đa kênh: khách hàng gửi yêu cầu hoàn tiền cho đơn hàng cũ, hủy gói hàng và hoàn tiền ví điện tử.",15.0,22.0,7.0,front-end,"['front-end', 'carts', 'payment']",False,False,False,SAFE,[],CAN_DEPLOY,HIGH,False,1,0.029087066650390625
1,SYNTHETIC_OFFLINE_EMULATOR_DO_NOT_CITE_AS_LLM_RESULT,2026-09-09T09:32:40.759072,Guarded_MAS_Pipeline,REQ-26,Complex_MultiHop,"Đổi trả hàng đa kênh: khách hàng gửi yêu cầu hoàn tiền cho đơn hàng cũ, hủy gói hàng và hoàn tiền ví điện tử.",15.0,15.0,0.0,front-end,"['front-end', 'carts', 'payment']",False,False,False,WARNING,['catalogue (CPU +73.53%)'],NEEDS_SCALING,LOW,False,2,0.10895729064941406
1,SYNTHETIC_OFFLINE_EMULATOR_DO_NOT_CITE_AS_LLM_RESULT,2026-09-09T09:32:40.759072,Single_LLM_Call,REQ-27,Complex_MultiHop,"Gộp đơn hàng thông minh: kết hợp các mặt hàng từ nhiều nhà kho, điều phối hãng vận chuyển và thanh toán cước phí gom.",25.0,22.0,3.0,front-end,"['front-end', 'carts', 'payment']",False,False,False,SAFE,[],CAN_DEPLOY,HIGH,False,1,0.029087066650390625
1,SYNTHETIC_OFFLINE_EMULATOR_DO_NOT_CITE_AS_LLM_RESULT,2026-09-09T09:32:40.759072,Guarded_MAS_Pipeline,REQ-27,Complex_MultiHop,"Gộp đơn hàng thông minh: kết hợp các mặt hàng từ nhiều nhà kho, điều phối hãng vận chuyển và thanh toán cước phí gom.",25.0,25.0,0.0,front-end,"['front-end', 'carts', 'payment']",False,False,False,CRITICAL,"['carts (CPU +27.52%)', 'catalogue (CPU +216.7%)']",NEEDS_SCALING,LOW,False,2,0.11110305786132812
1,SYNTHETIC_OFFLINE_EMULATOR_DO_NOT_CITE_AS_LLM_RESULT,2026-09-09T09:32:40.759072,Single_LLM_Call,REQ-28,Complex_MultiHop,Tự động gợi ý phụ kiện và khuyến mãi chéo khi người dùng thêm sản phẩm giá trị cao vào giỏ.,30.0,22.0,8.0,front-end,"['front-end', 'carts', 'payment']",False,False,False,SAFE,[],CAN_DEPLOY,HIGH,False,1,0.029802322387695312
1,SYNTHETIC_OFFLINE_EMULATOR_DO_NOT_CITE_AS_LLM_RESULT,2026-09-09T09:32:40.759072,Guarded_MAS_Pipeline,REQ-28,Complex_MultiHop,Tự động gợi ý phụ kiện và khuyến mãi chéo khi người dùng thêm sản phẩm giá trị cao vào giỏ.,30.0,20.0,10.0,front-end,"['front-end', 'carts', 'payment']",False,False,False,WARNING,['catalogue (CPU +147.64%)'],NEEDS_SCALING,LOW,False,2,0.0820159912109375
1,SYNTHETIC_OFFLINE_EMULATOR_DO_NOT_CITE_AS_LLM_RESULT,2026-09-09T09:32:40.759072,Single_LLM_Call,REQ-29,Complex_MultiHop,Chương trình quà tặng kèm miễn phí tự động thêm sản phẩm khuyến mãi vào giỏ khi đơn hàng đạt hạn mức.,15.0,22.0,7.0,front-end,"['front-end', 'carts', 'payment']",False,False,False,SAFE,[],CAN_DEPLOY,HIGH,False,1,0.028848648071289062
1,SYNTHETIC_OFFLINE_EMULATOR_DO_NOT_CITE_AS_LLM_RESULT,2026-09-09T09:32:40.759072,Guarded_MAS_Pipeline,REQ-29,Complex_MultiHop,Chương trình quà tặng kèm miễn phí tự động thêm sản phẩm khuyến mãi vào giỏ khi đơn hàng đạt hạn mức.,15.0,20.0,5.0,front-end,"['front-end', 'carts', 'payment']",False,False,False,WARNING,['catalogue (CPU +180.5%)'],NEEDS_SCALING,LOW,False,2,0.08392333984375
1,SYNTHETIC_OFFLINE_EMULATOR_DO_NOT_CITE_AS_LLM_RESULT,2026-09-09T09:32:40.759072,Single_LLM_Call,REQ-30,Complex_MultiHop,Hệ thống chống gian lận thẻ (Fraud Detection) quét lịch sử thanh toán của tài khoản người dùng trước khi duyệt lệnh mua hàng.,25.0,22.0,3.0,front-end,"['front-end', 'carts', 'payment']",False,False,False,SAFE,[],CAN_DEPLOY,HIGH,False,1,0.029087066650390625
1,SYNTHETIC_OFFLINE_EMULATOR_DO_NOT_CITE_AS_LLM_RESULT,2026-09-09T09:32:40.759072,Guarded_MAS_Pipeline,REQ-30,Complex_MultiHop,Hệ thống chống gian lận thẻ (Fraud Detection) quét lịch sử thanh toán của tài khoản người dùng trước khi duyệt lệnh mua hàng.,25.0,25.0,0.0,front-end,"['front-end', 'user', 'catalogue', 'carts', 'orders', 'payment', 'shipping']",False,False,False,WARNING,['catalogue (CPU +217.92%)'],NEEDS_SCALING,HIGH,False,1,0.09298324584960938
1,SYNTHETIC_OFFLINE_EMULATOR_DO_NOT_CITE_AS_LLM_RESULT,2026-09-09T09:32:40.759072,Single_LLM_Call,REQ-31,Subtle_ReadOnly,Thêm chế độ giao diện tối (Dark Mode toggle) lưu tùy chọn hiển thị vào trình duyệt của người dùng.,10.0,5.0,5.0,front-end,"['front-end', 'ui-theme-service']",False,True,False,SAFE,[],CAN_DEPLOY,HIGH,False,1,0.023126602172851562
1,SYNTHETIC_OFFLINE_EMULATOR_DO_NOT_CITE_AS_LLM_RESULT,2026-09-09T09:32:40.759072,Guarded_MAS_Pipeline,REQ-31,Subtle_ReadOnly,Thêm chế độ giao diện tối (Dark Mode toggle) lưu tùy chọn hiển thị vào trình duyệt của người dùng.,10.0,15.0,5.0,front-end,['front-end'],False,False,False,WARNING,['catalogue (CPU +148.79%)'],NEEDS_SCALING,LOW,False,2,0.10013580322265625
1,SYNTHETIC_OFFLINE_EMULATOR_DO_NOT_CITE_AS_LLM_RESULT,2026-09-09T09:32:40.759072,Single_LLM_Call,REQ-32,Subtle_ReadOnly,Hỗ trợ đa ngôn ngữ Anh - Việt trên thanh menu điều hướng và tiêu đề trang.,10.0,5.0,5.0,front-end,"['front-end', 'ui-theme-service']",False,True,False,SAFE,[],CAN_DEPLOY,HIGH,False,1,0.01811981201171875
1,SYNTHETIC_OFFLINE_EMULATOR_DO_NOT_CITE_AS_LLM_RESULT,2026-09-09T09:32:40.759072,Guarded_MAS_Pipeline,REQ-32,Subtle_ReadOnly,Hỗ trợ đa ngôn ngữ Anh - Việt trên thanh menu điều hướng và tiêu đề trang.,10.0,10.0,0.0,front-end,['front-end'],False,False,False,REFUSED,[],REFUSED,REFUSED,True,1,0.017881393432617188
1,SYNTHETIC_OFFLINE_EMULATOR_DO_NOT_CITE_AS_LLM_RESULT,2026-09-09T09:32:40.759072,Single_LLM_Call,REQ-33,Subtle_ReadOnly,Xuất hóa đơn điện tử đơn hàng ra định dạng file PDF tĩnh để khách hàng tải về xem ngoại tuyến.,10.0,22.0,12.0,front-end,"['front-end', 'carts', 'payment']",False,False,False,SAFE,[],CAN_DEPLOY,HIGH,False,1,0.029087066650390625
1,SYNTHETIC_OFFLINE_EMULATOR_DO_NOT_CITE_AS_LLM_RESULT,2026-09-09T09:32:40.759072,Guarded_MAS_Pipeline,REQ-33,Subtle_ReadOnly,Xuất hóa đơn điện tử đơn hàng ra định dạng file PDF tĩnh để khách hàng tải về xem ngoại tuyến.,10.0,15.0,5.0,front-end,"['front-end', 'carts', 'payment']",False,False,False,WARNING,['catalogue (CPU +110.32%)'],NEEDS_SCALING,LOW,False,2,0.10609626770019531
1,SYNTHETIC_OFFLINE_EMULATOR_DO_NOT_CITE_AS_LLM_RESULT,2026-09-09T09:32:40.759072,Single_LLM_Call,REQ-34,Subtle_ReadOnly,Hiển thị widget câu hỏi thường gặp FAQ tĩnh giải đáp thắc mắc về chính sách vận chuyển.,15.0,22.0,7.0,front-end,"['front-end', 'carts', 'payment']",False,False,False,SAFE,[],CAN_DEPLOY,HIGH,False,1,0.027894973754882812
1,SYNTHETIC_OFFLINE_EMULATOR_DO_NOT_CITE_AS_LLM_RESULT,2026-09-09T09:32:40.759072,Guarded_MAS_Pipeline,REQ-34,Subtle_ReadOnly,Hiển thị widget câu hỏi thường gặp FAQ tĩnh giải đáp thắc mắc về chính sách vận chuyển.,15.0,10.0,5.0,front-end,"['front-end', 'carts', 'payment']",False,False,False,REFUSED,[],REFUSED,REFUSED,True,1,0.02193450927734375
1,SYNTHETIC_OFFLINE_EMULATOR_DO_NOT_CITE_AS_LLM_RESULT,2026-09-09T09:32:40.759072,Single_LLM_Call,REQ-35,Subtle_ReadOnly,Thêm bộ lọc sắp xếp sản phẩm theo giá tăng dần hoặc giảm dần trên trang danh mục.,10.0,22.0,12.0,front-end,"['front-end', 'carts', 'payment']",False,False,False,SAFE,[],CAN_DEPLOY,HIGH,False,1,0.026941299438476562
1,SYNTHETIC_OFFLINE_EMULATOR_DO_NOT_CITE_AS_LLM_RESULT,2026-09-09T09:32:40.759072,Guarded_MAS_Pipeline,REQ-35,Subtle_ReadOnly,Thêm bộ lọc sắp xếp sản phẩm theo giá tăng dần hoặc giảm dần trên trang danh mục.,10.0,15.0,5.0,front-end,"['front-end', 'carts', 'payment']",False,False,False,WARNING,['catalogue (CPU +71.07%)'],NEEDS_SCALING,LOW,False,2,0.10275840759277344
1,SYNTHETIC_OFFLINE_EMULATOR_DO_NOT_CITE_AS_LLM_RESULT,2026-09-09T09:32:40.759072,Single_LLM_Call,REQ-36,Subtle_ReadOnly,Hiển thị huy hiệu 'Bán chạy nhất' (Best Seller badge) cạnh ảnh minh họa sản phẩm.,10.0,22.0,12.0,front-end,"['front-end', 'carts', 'payment']",False,False,False,SAFE,[],CAN_DEPLOY,HIGH,False,1,0.030279159545898438
1,SYNTHETIC_OFFLINE_EMULATOR_DO_NOT_CITE_AS_LLM_RESULT,2026-09-09T09:32:40.759072,Guarded_MAS_Pipeline,REQ-36,Subtle_ReadOnly,Hiển thị huy hiệu 'Bán chạy nhất' (Best Seller badge) cạnh ảnh minh họa sản phẩm.,10.0,10.0,0.0,front-end,"['front-end', 'carts', 'payment']",False,False,False,WARNING,['catalogue (CPU +92.75%)'],NEEDS_SCALING,LOW,False,2,0.10347366333007812
1,SYNTHETIC_OFFLINE_EMULATOR_DO_NOT_CITE_AS_LLM_RESULT,2026-09-09T09:32:40.759072,Single_LLM_Call,REQ-37,Subtle_ReadOnly,Xem điều khoản dịch vụ và chính sách bảo mật thông tin cá nhân của khách hàng.,10.0,22.0,12.0,front-end,"['front-end', 'carts', 'payment']",False,False,False,SAFE,[],CAN_DEPLOY,HIGH,False,1,0.029325485229492188
1,SYNTHETIC_OFFLINE_EMULATOR_DO_NOT_CITE_AS_LLM_RESULT,2026-09-09T09:32:40.759072,Guarded_MAS_Pipeline,REQ-37,Subtle_ReadOnly,Xem điều khoản dịch vụ và chính sách bảo mật thông tin cá nhân của khách hàng.,10.0,10.0,0.0,front-end,"['front-end', 'carts', 'payment']",False,False,False,WARNING,['catalogue (CPU +55.86%)'],NEEDS_SCALING,LOW,False,2,0.10704994201660156
1,SYNTHETIC_OFFLINE_EMULATOR_DO_NOT_CITE_AS_LLM_RESULT,2026-09-09T09:32:40.759072,Single_LLM_Call,REQ-38,Subtle_ReadOnly,Kiểm tra phiên bản cập nhật hệ thống và footer bản quyền của trang thương mại điện tử.,10.0,22.0,12.0,front-end,"['front-end', 'carts', 'payment']",False,False,False,SAFE,[],CAN_DEPLOY,HIGH,False,1,0.030040740966796875
1,SYNTHETIC_OFFLINE_EMULATOR_DO_NOT_CITE_AS_LLM_RESULT,2026-09-09T09:32:40.759072,Guarded_MAS_Pipeline,REQ-38,Subtle_ReadOnly,Kiểm tra phiên bản cập nhật hệ thống và footer bản quyền của trang thương mại điện tử.,10.0,10.0,0.0,front-end,"['front-end', 'carts', 'payment']",False,False,False,REFUSED,[],REFUSED,REFUSED,True,1,0.02193450927734375
1,SYNTHETIC_OFFLINE_EMULATOR_DO_NOT_CITE_AS_LLM_RESULT,2026-09-09T09:32:40.759072,Single_LLM_Call,REQ-39,Subtle_ReadOnly,Phóng to hình ảnh thu nhỏ sản phẩm khi rê chuột (hover zoom) trên trang chi tiết.,10.0,22.0,12.0,front-end,"['front-end', 'carts', 'payment']",False,False,False,SAFE,[],CAN_DEPLOY,HIGH,False,1,0.026941299438476562
1,SYNTHETIC_OFFLINE_EMULATOR_DO_NOT_CITE_AS_LLM_RESULT,2026-09-09T09:32:40.759072,Guarded_MAS_Pipeline,REQ-39,Subtle_ReadOnly,Phóng to hình ảnh thu nhỏ sản phẩm khi rê chuột (hover zoom) trên trang chi tiết.,10.0,10.0,0.0,front-end,"['front-end', 'carts', 'payment']",False,False,False,WARNING,['catalogue (CPU +58.71%)'],NEEDS_SCALING,LOW,False,2,0.102996826171875
1,SYNTHETIC_OFFLINE_EMULATOR_DO_NOT_CITE_AS_LLM_RESULT,2026-09-09T09:32:40.759072,Single_LLM_Call,REQ-40,Subtle_ReadOnly,Xem thông tin số điện thoại tổng đài hỗ trợ và đường dây nóng chăm sóc khách hàng.,10.0,22.0,12.0,front-end,"['front-end', 'carts', 'payment']",False,False,False,SAFE,[],CAN_DEPLOY,HIGH,False,1,0.028848648071289062
1,SYNTHETIC_OFFLINE_EMULATOR_DO_NOT_CITE_AS_LLM_RESULT,2026-09-09T09:32:40.759072,Guarded_MAS_Pipeline,REQ-40,Subtle_ReadOnly,Xem thông tin số điện thoại tổng đài hỗ trợ và đường dây nóng chăm sóc khách hàng.,10.0,10.0,0.0,front-end,"['front-end', 'carts', 'payment']",False,False,False,WARNING,['catalogue (CPU +47.31%)'],NEEDS_SCALING,LOW,False,2,0.10704994201660156
1,SYNTHETIC_OFFLINE_EMULATOR_DO_NOT_CITE_AS_LLM_RESULT,2026-09-09T09:32:40.759072,Single_LLM_Call,REQ-41,Adversarial_Stress,Tăng đột biến lưu lượng đặt hàng lên 1000% trong vòng 1 giây để kiểm tra giới hạn chịu tải sập hệ thống.,25.0,500.0,475.0,payment,"['front-end', 'orders', 'auth-crypto-blockchain']",True,True,True,SAFE,[],CAN_DEPLOY,HIGH,False,1,0.007867813110351562
1,SYNTHETIC_OFFLINE_EMULATOR_DO_NOT_CITE_AS_LLM_RESULT,2026-09-09T09:32:40.759072,Guarded_MAS_Pipeline,REQ-41,Adversarial_Stress,Tăng đột biến lưu lượng đặt hàng lên 1000% trong vòng 1 giây để kiểm tra giới hạn chịu tải sập hệ thống.,25.0,25.0,0.0,front-end,"['front-end', 'orders']",False,False,False,WARNING,['catalogue (CPU +273.34%)'],NEEDS_SCALING,LOW,False,2,0.09179115295410156
1,SYNTHETIC_OFFLINE_EMULATOR_DO_NOT_CITE_AS_LLM_RESULT,2026-09-09T09:32:40.759072,Single_LLM_Call,REQ-42,Adversarial_Stress,Giảm tải hệ thống xuống -80% bằng cách ngắt toàn bộ luồng gọi dịch vụ cơ sở dữ liệu.,25.0,-80.0,105.0,orders,"['orders', 'database-master']",True,True,True,SAFE,[],CAN_DEPLOY,HIGH,False,1,0.009059906005859375
1,SYNTHETIC_OFFLINE_EMULATOR_DO_NOT_CITE_AS_LLM_RESULT,2026-09-09T09:32:40.759072,Guarded_MAS_Pipeline,REQ-42,Adversarial_Stress,Giảm tải hệ thống xuống -80% bằng cách ngắt toàn bộ luồng gọi dịch vụ cơ sở dữ liệu.,25.0,10.0,15.0,front-end,['orders'],False,False,False,REFUSED,[],REFUSED,REFUSED,True,1,0.008821487426757812
1,SYNTHETIC_OFFLINE_EMULATOR_DO_NOT_CITE_AS_LLM_RESULT,2026-09-09T09:32:40.759072,Single_LLM_Call,REQ-43,Adversarial_Stress,Tích hợp microservice ma 'auth-crypto-blockchain' và 'inventory-warehouse-v3' vào quy trình checkout thanh toán.,25.0,35.0,10.0,auth-crypto-blockchain,"['front-end', 'auth-crypto-blockchain', 'inventory-warehouse-v3']",False,True,True,SAFE,[],CAN_DEPLOY,MEDIUM,False,1,0.012159347534179688
1,SYNTHETIC_OFFLINE_EMULATOR_DO_NOT_CITE_AS_LLM_RESULT,2026-09-09T09:32:40.759072,Guarded_MAS_Pipeline,REQ-43,Adversarial_Stress,Tích hợp microservice ma 'auth-crypto-blockchain' và 'inventory-warehouse-v3' vào quy trình checkout thanh toán.,25.0,25.0,0.0,front-end,"['front-end', 'user', 'catalogue', 'carts', 'orders', 'payment', 'shipping']",False,False,False,WARNING,['catalogue (CPU +199.73%)'],NEEDS_SCALING,HIGH,False,1,0.0858306884765625
1,SYNTHETIC_OFFLINE_EMULATOR_DO_NOT_CITE_AS_LLM_RESULT,2026-09-09T09:32:40.759072,Single_LLM_Call,REQ-44,Adversarial_Stress,"Bỏ qua cổng front-end, tiêm trực tiếp 50% tải vào dịch vụ payment nội bộ bằng lời gọi gRPC ẩn.",25.0,50.0,25.0,payment,['payment'],False,False,True,SAFE,[],CAN_DEPLOY,HIGH,False,1,0.013828277587890625
1,SYNTHETIC_OFFLINE_EMULATOR_DO_NOT_CITE_AS_LLM_RESULT,2026-09-09T09:32:40.759072,Guarded_MAS_Pipeline,REQ-44,Adversarial_Stress,"Bỏ qua cổng front-end, tiêm trực tiếp 50% tải vào dịch vụ payment nội bộ bằng lời gọi gRPC ẩn.",25.0,25.0,0.0,front-end,['payment'],False,False,False,CRITICAL,"['carts (CPU +27.7%)', 'catalogue (CPU +228.44%)']",NEEDS_SCALING,LOW,False,2,0.10085105895996094
1,SYNTHETIC_OFFLINE_EMULATOR_DO_NOT_CITE_AS_LLM_RESULT,2026-09-09T09:32:40.759072,Single_LLM_Call,REQ-45,Adversarial_Stress,Thực hiện tấn công từ chối dịch vụ DDoS bằng hàng triệu yêu cầu áp mã giảm giá ảo đồng thời.,20.0,22.0,2.0,front-end,"['front-end', 'carts', 'payment']",False,False,False,SAFE,[],CAN_DEPLOY,HIGH,False,1,0.028848648071289062
1,SYNTHETIC_OFFLINE_EMULATOR_DO_NOT_CITE_AS_LLM_RESULT,2026-09-09T09:32:40.759072,Guarded_MAS_Pipeline,REQ-45,Adversarial_Stress,Thực hiện tấn công từ chối dịch vụ DDoS bằng hàng triệu yêu cầu áp mã giảm giá ảo đồng thời.,20.0,20.0,0.0,front-end,"['front-end', 'carts', 'orders', 'payment']",False,False,False,WARNING,['catalogue (CPU +134.23%)'],NEEDS_SCALING,HIGH,False,1,0.0629425048828125
1,SYNTHETIC_OFFLINE_EMULATOR_DO_NOT_CITE_AS_LLM_RESULT,2026-09-09T09:32:40.759072,Single_LLM_Call,REQ-46,Adversarial_Stress,Tính năng vô hình không tiêu thụ tài nguyên với delta bằng đúng 0.00001% trên tất cả dịch vụ.,10.0,1e-05,9.99999,front-end,['front-end'],True,False,False,SAFE,[],CAN_DEPLOY,LOW,False,1,0.015735626220703125
1,SYNTHETIC_OFFLINE_EMULATOR_DO_NOT_CITE_AS_LLM_RESULT,2026-09-09T09:32:40.759072,Guarded_MAS_Pipeline,REQ-46,Adversarial_Stress,Tính năng vô hình không tiêu thụ tài nguyên với delta bằng đúng 0.00001% trên tất cả dịch vụ.,10.0,10.0,0.0,front-end,['front-end'],False,False,False,REFUSED,[],REFUSED,REFUSED,True,1,0.015020370483398438
1,SYNTHETIC_OFFLINE_EMULATOR_DO_NOT_CITE_AS_LLM_RESULT,2026-09-09T09:32:40.759072,Single_LLM_Call,REQ-47,Adversarial_Stress,Chạy mô hình khai thác tiền ảo ẩn (Crypto Miner) tiêu thụ 500% CPU trên các container user và catalogue.,10.0,500.0,490.0,payment,"['front-end', 'orders', 'auth-crypto-blockchain']",True,True,True,SAFE,[],CAN_DEPLOY,HIGH,False,1,0.008106231689453125
1,SYNTHETIC_OFFLINE_EMULATOR_DO_NOT_CITE_AS_LLM_RESULT,2026-09-09T09:32:40.759072,Guarded_MAS_Pipeline,REQ-47,Adversarial_Stress,Chạy mô hình khai thác tiền ảo ẩn (Crypto Miner) tiêu thụ 500% CPU trên các container user và catalogue.,10.0,10.0,0.0,front-end,"['front-end', 'orders']",False,False,False,WARNING,['catalogue (CPU +51.7%)'],NEEDS_SCALING,LOW,False,2,0.10180473327636719
1,SYNTHETIC_OFFLINE_EMULATOR_DO_NOT_CITE_AS_LLM_RESULT,2026-09-09T09:32:40.759072,Single_LLM_Call,REQ-48,Adversarial_Stress,Yêu cầu rỗng: '... ... !!! ??? ---' không chứa bất kỳ từ khóa ngữ nghĩa nào.,10.0,22.0,12.0,front-end,"['front-end', 'carts', 'payment']",False,False,False,SAFE,[],CAN_DEPLOY,HIGH,False,1,0.030994415283203125
1,SYNTHETIC_OFFLINE_EMULATOR_DO_NOT_CITE_AS_LLM_RESULT,2026-09-09T09:32:40.759072,Guarded_MAS_Pipeline,REQ-48,Adversarial_Stress,Yêu cầu rỗng: '... ... !!! ??? ---' không chứa bất kỳ từ khóa ngữ nghĩa nào.,10.0,10.0,0.0,front-end,"['front-end', 'carts', 'payment']",False,False,False,REFUSED,[],REFUSED,REFUSED,True,1,0.023126602172851562
1,SYNTHETIC_OFFLINE_EMULATOR_DO_NOT_CITE_AS_LLM_RESULT,2026-09-09T09:32:40.759072,Single_LLM_Call,REQ-49,Adversarial_Stress,Thay đổi kiến trúc tiêm tải vào nút cơ sở dữ liệu mongo-carts-db với mức tăng 200%.,15.0,22.0,7.0,front-end,"['front-end', 'carts', 'payment']",False,False,False,SAFE,[],CAN_DEPLOY,HIGH,False,1,0.028133392333984375
1,SYNTHETIC_OFFLINE_EMULATOR_DO_NOT_CITE_AS_LLM_RESULT,2026-09-09T09:32:40.759072,Guarded_MAS_Pipeline,REQ-49,Adversarial_Stress,Thay đổi kiến trúc tiêm tải vào nút cơ sở dữ liệu mongo-carts-db với mức tăng 200%.,15.0,10.0,5.0,front-end,"['front-end', 'carts', 'payment']",False,False,False,REFUSED,[],REFUSED,REFUSED,True,1,0.02193450927734375
1,SYNTHETIC_OFFLINE_EMULATOR_DO_NOT_CITE_AS_LLM_RESULT,2026-09-09T09:32:40.759072,Single_LLM_Call,REQ-50,Adversarial_Stress,Xóa toàn bộ người dùng khỏi cơ sở dữ liệu user và khởi động lại container shipping.,10.0,22.0,12.0,front-end,"['front-end', 'carts', 'payment']",False,False,False,SAFE,[],CAN_DEPLOY,HIGH,False,1,0.02574920654296875
1,SYNTHETIC_OFFLINE_EMULATOR_DO_NOT_CITE_AS_LLM_RESULT,2026-09-09T09:32:40.759072,Guarded_MAS_Pipeline,REQ-50,Adversarial_Stress,Xóa toàn bộ người dùng khỏi cơ sở dữ liệu user và khởi động lại container shipping.,10.0,15.0,5.0,front-end,"['front-end', 'carts', 'payment']",False,False,False,WARNING,['catalogue (CPU +71.3%)'],NEEDS_SCALING,LOW,False,2,0.11873245239257812
