label,target,repeat,scenario,true_tier,true_upstream,tier1_contrib,backpressure_contrib,tier2_contrib,strict_pred,strict_correct,upstream_pred,upstream_correct
SockShop,catalogue_cpu,0,tier1_driven,tier1,upstream,0.2417697937458416,0.0,0.24924817032601437,tier2,False,local,False
SockShop,catalogue_cpu,0,tier2_driven,tier2,local,-0.03780572188955426,0.0,0.5248316699933468,tier2,True,local,True
SockShop,catalogue_cpu,1,tier1_driven,tier1,upstream,0.5724963406520291,0.0,-0.07748636061210913,tier1,True,upstream,True
SockShop,catalogue_cpu,1,tier2_driven,tier2,local,-0.02928010645375912,0.0,0.5163060545575519,tier2,True,local,True
SockShop,catalogue_cpu,2,tier1_driven,tier1,upstream,0.24521224218230211,0.0,0.24979773785761802,tier2,False,local,False
SockShop,catalogue_cpu,2,tier2_driven,tier2,local,-0.04001596806387221,0.0,0.5390179640718563,tier2,True,local,True
SockShop,catalogue_cpu,3,tier1_driven,tier1,upstream,0.5658456420492352,0.0,-0.07881969394544239,tier1,True,upstream,True
SockShop,catalogue_cpu,3,tier2_driven,tier2,local,-0.044936793080505674,0.0,0.5319627411842983,tier2,True,local,True
SockShop,catalogue_cpu,4,tier1_driven,tier1,upstream,0.5618083832335329,0.0,-0.07877445109780437,tier1,True,upstream,True
SockShop,catalogue_cpu,4,tier2_driven,tier2,local,-0.03611443779108446,0.0,0.5311244178310045,tier2,True,local,True
SockShop,catalogue_cpu,5,tier1_driven,tier1,upstream,0.2422754491017966,0.0,0.24475049900199605,tier2,False,local,False
SockShop,catalogue_cpu,5,tier2_driven,tier2,local,-0.041177644710578845,0.0,0.5361876247504989,tier2,True,local,True
SockShop,catalogue_cpu,6,tier1_driven,tier1,upstream,0.47737325349301357,0.0,0.013644710578842274,tier1,True,upstream,True
SockShop,catalogue_cpu,6,tier2_driven,tier2,local,-0.03258815701929472,0.0,0.5315901530272789,tier2,True,local,True
SockShop,catalogue_cpu,7,tier1_driven,tier1,upstream,0.5633439787092482,0.0,-0.08031004657351963,tier1,True,upstream,True
SockShop,catalogue_cpu,7,tier2_driven,tier2,local,-0.027628742514970064,0.0,0.5226387225548901,tier2,True,local,True
SockShop,catalogue_cpu,8,tier1_driven,tier1,upstream,0.29898203592814393,0.0,0.18804391217564873,tier1,True,upstream,True
SockShop,catalogue_cpu,8,tier2_driven,tier2,local,-0.030246174318030596,0.0,0.5252561543579506,tier2,True,local,True
SockShop,catalogue_cpu,9,tier1_driven,tier1,upstream,0.24744510978043882,0.0,0.2515568862275453,tier2,False,local,False
SockShop,catalogue_cpu,9,tier2_driven,tier2,local,-0.03295009980039915,0.0,0.5279600798403192,tier2,True,local,True
SockShop,orders_cpu,0,tier1_driven,tier1,upstream,0.18603725881570196,0.0,0.05348369926813042,tier1,True,upstream,True
SockShop,orders_cpu,0,tier2_driven,tier2,local,-0.030139720558882203,0.0,0.5211576846307381,tier2,True,local,True
SockShop,orders_cpu,1,tier1_driven,tier1,upstream,0.2583073852295409,0.0,-0.05072255489021963,tier1,True,upstream,True
SockShop,orders_cpu,1,tier2_driven,tier2,local,-0.02909115103127079,0.0,0.5161170991350635,tier2,True,local,True
SockShop,orders_cpu,2,tier1_driven,tier1,upstream,0.2396127744510978,0.0,-9.181636726539322e-05,tier1,True,upstream,True
SockShop,orders_cpu,2,tier2_driven,tier2,local,-0.027143047238855734,0.0,0.5181610113107116,tier2,True,local,True
SockShop,orders_cpu,3,tier1_driven,tier1,upstream,0.2359880239520957,0.0,-0.028403193612774477,tier1,True,upstream,True
SockShop,orders_cpu,3,tier2_driven,tier2,local,-0.03318163672654688,0.0,0.532183632734531,tier2,True,local,True
SockShop,orders_cpu,4,tier1_driven,tier1,upstream,0.2340638722554891,0.0,-0.042447105788423145,tier1,True,upstream,True
SockShop,orders_cpu,4,tier2_driven,tier2,local,-0.03307385229540917,0.0,0.5121157684630736,tier2,True,local,True
SockShop,orders_cpu,5,tier1_driven,tier1,upstream,0.213332002661344,0.0,0.06211709913506318,tier1,True,upstream,True
SockShop,orders_cpu,5,tier2_driven,tier2,local,-0.027985362608117088,0.0,0.519003326679973,tier2,True,local,True
SockShop,orders_cpu,6,tier1_driven,tier1,upstream,0.22720292747837667,0.0,-0.03558616101131064,tier1,True,upstream,True
SockShop,orders_cpu,6,tier2_driven,tier2,local,-0.03488223552894215,0.0,0.5338842315369262,tier2,True,local,True
SockShop,orders_cpu,7,tier1_driven,tier1,upstream,0.26405721889554207,0.0,-0.008568196939454445,tier1,True,upstream,True
SockShop,orders_cpu,7,tier2_driven,tier2,local,-0.023550232867598112,0.0,0.514568196939454,tier2,True,local,True
SockShop,orders_cpu,8,tier1_driven,tier1,upstream,0.2215555555555556,0.0,-0.00598669328010646,tier1,True,upstream,True
SockShop,orders_cpu,8,tier2_driven,tier2,local,-0.025013972055888258,0.0,0.5080479041916168,tier2,True,local,True
SockShop,orders_cpu,9,tier1_driven,tier1,upstream,0.18750365934797067,0.0,0.04004125083167001,tier1,True,upstream,True
SockShop,orders_cpu,9,tier2_driven,tier2,local,-0.02561942781104456,0.0,0.5206294078509647,tier2,True,local,True
SockShop,payment_cpu,0,tier1_driven,tier1,upstream,0.0878868928809049,0.0,-0.2156314038589488,tier2,False,local,False
SockShop,payment_cpu,0,tier2_driven,tier2,local,0.00011443779108457713,0.0,0.4988875582168996,tier2,True,local,True
SockShop,payment_cpu,1,tier1_driven,tier1,upstream,-0.05574318030605458,0.0,-0.4113226879574185,tier2,False,local,False
SockShop,payment_cpu,1,tier2_driven,tier2,local,-0.0014258150365935168,0.0,0.5004278110445776,tier2,True,local,True
SockShop,payment_cpu,2,tier1_driven,tier1,upstream,0.006157684630738524,0.0,-0.41334331337325353,tier2,False,local,False
SockShop,payment_cpu,2,tier2_driven,tier2,local,-0.00038456420492353105,0.0,0.49938656021290756,tier2,True,local,True
SockShop,payment_cpu,3,tier1_driven,tier1,upstream,-0.069168995342648,0.0,-0.36596074517631394,tier2,False,local,False
SockShop,payment_cpu,3,tier2_driven,tier2,local,-0.0032894211576845744,0.0,0.5022914171656687,tier2,True,local,True
SockShop,payment_cpu,4,tier1_driven,tier1,upstream,-0.06809514304723885,0.0,-0.3750186294078509,tier2,False,local,False
SockShop,payment_cpu,4,tier2_driven,tier2,local,-0.001064537591483681,0.0,0.5000665335994677,tier2,True,local,True
SockShop,payment_cpu,5,tier1_driven,tier1,upstream,0.08600066533599471,0.0,-0.3015695276114438,tier2,False,local,False
SockShop,payment_cpu,5,tier2_driven,tier2,local,0.0003972055888223635,0.0,0.4986047904191617,tier2,True,local,True
SockShop,payment_cpu,6,tier1_driven,tier1,upstream,0.1091683300066534,0.0,-0.38062541583499665,tier2,False,local,False
SockShop,payment_cpu,6,tier2_driven,tier2,local,0.0014723885562209398,0.0,0.4975296074517631,tier2,True,local,True
SockShop,payment_cpu,7,tier1_driven,tier1,upstream,0.088127744510978,0.0,-0.2917205588822355,tier2,False,local,False
SockShop,payment_cpu,7,tier2_driven,tier2,local,0.00017697937458423702,0.0,0.49882501663339995,tier2,True,local,True
SockShop,payment_cpu,8,tier1_driven,tier1,upstream,-0.04357285429141712,0.0,-0.43546906187624757,tier2,False,local,False
SockShop,payment_cpu,8,tier2_driven,tier2,local,-0.0017817697937458632,0.0,0.5007837658017299,tier2,True,local,True
SockShop,payment_cpu,9,tier1_driven,tier1,upstream,-0.037705256154358005,0.0,-0.4213765801729874,tier2,False,local,False
SockShop,payment_cpu,9,tier2_driven,tier2,local,-0.0017192282102461522,0.0,0.5007212242182303,tier2,True,local,True
SockShop,shipping_cpu,0,tier1_driven,tier1,upstream,0.1070719893546241,-0.003942514970059874,-0.03526520292747836,tier1,True,upstream,True
SockShop,shipping_cpu,0,tier2_driven,tier2,local,-0.008245375914837,-0.056581902860944756,0.5598372588157019,tier2,True,local,True
SockShop,shipping_cpu,1,tier1_driven,tier1,upstream,0.09651683300066546,-0.008265069860279447,-0.03635555555555554,tier1,True,upstream,True
SockShop,shipping_cpu,1,tier2_driven,tier2,local,-0.006886759813705916,-0.04467837658017293,0.546575116433799,tier2,True,local,True
SockShop,shipping_cpu,2,tier1_driven,tier1,upstream,0.09000013306719888,-0.01204031936127746,0.013856553559547546,tier1,True,upstream,True
SockShop,shipping_cpu,2,tier2_driven,tier2,local,-0.008285562208915513,-0.0629131071190952,0.5622166333998667,tier2,True,local,True
SockShop,shipping_cpu,3,tier1_driven,tier1,upstream,0.1028761144377911,-0.012249101796407192,-0.006794677312042568,tier1,True,upstream,True
SockShop,shipping_cpu,3,tier2_driven,tier2,local,-0.010101929474384598,-0.05140612109115109,0.5525260146373916,tier2,True,local,True
SockShop,shipping_cpu,4,tier1_driven,tier1,upstream,0.09823020625415836,-0.023782435129740508,-0.058479707252162304,tier1,True,upstream,True
SockShop,shipping_cpu,4,tier2_driven,tier2,local,-0.004114836992681324,-0.05317378576180973,0.5522986027944111,tier2,True,local,True
SockShop,shipping_cpu,5,tier1_driven,tier1,upstream,0.11776606786427145,-0.007425282767797744,-0.10634876912840986,tier1,True,upstream,True
SockShop,shipping_cpu,5,tier2_driven,tier2,local,-0.00332135728542916,-0.04694810379241521,0.5452794411177645,tier2,True,local,True
SockShop,shipping_cpu,6,tier1_driven,tier1,upstream,0.08663180306054573,-0.0009240186294078093,-0.07772375249501001,tier1,True,upstream,True
SockShop,shipping_cpu,6,tier2_driven,tier2,local,-0.009728809048569475,-0.05780492348636061,0.5665357285429142,tier2,True,local,True
SockShop,shipping_cpu,7,tier1_driven,tier1,upstream,0.10355382568196941,-0.03136939454424485,-0.10412055888223551,tier2,False,local,False
SockShop,shipping_cpu,7,tier2_driven,tier2,local,-0.014012907518296758,-0.05316021290751831,0.5661751164337991,tier2,True,local,True
SockShop,shipping_cpu,8,tier1_driven,tier1,upstream,0.12287571523619441,-0.0011208250166333724,-0.049898602794411134,tier1,True,upstream,True
SockShop,shipping_cpu,8,tier2_driven,tier2,local,-0.007274251497006006,-0.05173280106453759,0.5540170326014637,tier2,True,local,True
SockShop,shipping_cpu,9,tier1_driven,tier1,upstream,0.07554876912840974,-0.02236819693945445,0.07855595475715232,tier2,False,local,False
SockShop,shipping_cpu,9,tier2_driven,tier2,local,-0.009379773785761797,-0.04862381902860945,0.545029540918164,tier2,True,local,True
SockShop,user_cpu,0,tier1_driven,tier1,upstream,0.6535157684630738,-0.0066910179640718905,-0.16778283433133737,tier1,True,upstream,True
SockShop,user_cpu,0,tier2_driven,tier2,local,0.0020328675981370445,0.0020484364604125135,0.49492069194943455,tier2,True,local,True
SockShop,user_cpu,1,tier1_driven,tier1,upstream,0.6427361277445113,-0.005310179640718554,-0.1503999999999998,tier1,True,upstream,True
SockShop,user_cpu,1,tier2_driven,tier2,local,-0.004402129075182995,0.0015111111111111093,0.5018930139720559,tier2,True,local,True
SockShop,user_cpu,2,tier1_driven,tier1,upstream,0.6336649367930802,-0.0033015302727877846,-0.13934544244843658,tier1,True,upstream,True
SockShop,user_cpu,2,tier2_driven,tier2,local,-0.004647105788423122,-0.0013161676646706512,0.5049652694610779,tier2,True,local,True
SockShop,user_cpu,3,tier1_driven,tier1,upstream,0.6676300731869594,-0.00623952095808387,-0.1663805721889555,tier1,True,upstream,True
SockShop,user_cpu,3,tier2_driven,tier2,local,0.002332135728542904,0.002054158349966719,0.49461570192947446,tier2,True,local,True
SockShop,user_cpu,4,tier1_driven,tier1,upstream,0.6573534264803728,-0.005452162341982654,-0.16487531603459735,tier1,True,upstream,True
SockShop,user_cpu,4,tier2_driven,tier2,local,-0.0006437791084497405,0.0008435129740518965,0.498802262142382,tier2,True,local,True
SockShop,user_cpu,5,tier1_driven,tier1,upstream,0.6504617431803059,-0.0071583499667332,-0.14829341317365272,tier1,True,upstream,True
SockShop,user_cpu,5,tier2_driven,tier2,local,-0.002345708582834334,0.001473586161011333,0.499874118429807,tier2,True,local,True
SockShop,user_cpu,6,tier1_driven,tier1,upstream,0.6704922155688622,-0.007022222222222238,-0.16846001330671997,tier1,True,upstream,True
SockShop,user_cpu,6,tier2_driven,tier2,local,-0.004393346640053245,-0.003320958083832342,0.5067163007318696,tier2,True,local,True
SockShop,user_cpu,7,tier1_driven,tier1,upstream,0.6733663339986694,-0.0036226214238190392,-0.17074171656686624,tier1,True,upstream,True
SockShop,user_cpu,7,tier2_driven,tier2,local,-0.00159906852960743,0.0004964737192282011,0.5001045908183633,tier2,True,local,True
SockShop,user_cpu,8,tier1_driven,tier1,upstream,0.6581061876247504,-0.005986560212907567,-0.1611016633399868,tier1,True,upstream,True
SockShop,user_cpu,8,tier2_driven,tier2,local,0.0006401862940785725,-0.0018613439787092357,0.5002231536926148,tier2,True,local,True
SockShop,user_cpu,9,tier1_driven,tier1,upstream,0.6345677977378577,-0.004532401862940778,-0.14700146373918832,tier1,True,upstream,True
SockShop,user_cpu,9,tier2_driven,tier2,local,-0.006384431137724545,0.00014797072521624267,0.5052384564204925,tier2,True,local,True
SockShop,carts_cpu,0,tier1_driven,tier1,upstream,0.22177085828343313,-0.021490219560878245,0.06718443113772456,tier1,True,upstream,True
SockShop,carts_cpu,0,tier2_driven,tier2,local,-0.00994876912840987,-0.051122421823020694,0.5520891550232865,tier2,True,local,True
SockShop,carts_cpu,1,tier1_driven,tier1,upstream,0.26343539587491666,-0.026385362608117115,0.010454956753160341,tier1,True,upstream,True
SockShop,carts_cpu,1,tier2_driven,tier2,local,-0.010994145043246804,-0.04477604790419164,0.5547721889554225,tier2,True,local,True
SockShop,carts_cpu,2,tier1_driven,tier1,upstream,0.28844298070525615,-0.015634331337325388,-0.04526373918829008,tier1,True,upstream,True
SockShop,carts_cpu,2,tier2_driven,tier2,local,-0.012660146373918877,-0.04773812375249504,0.5434322022621425,tier2,True,local,True
SockShop,carts_cpu,3,tier1_driven,tier1,upstream,0.2573202927478377,-0.025424617431803048,-0.004350765136393868,tier1,True,upstream,True
SockShop,carts_cpu,3,tier2_driven,tier2,local,-0.008849367930805097,-0.04575196274118432,0.5536033266799734,tier2,True,local,True
SockShop,carts_cpu,4,tier1_driven,tier1,upstream,0.2559069860279441,-0.012412242182302077,-0.01195781769793748,tier1,True,upstream,True
SockShop,carts_cpu,4,tier2_driven,tier2,local,-0.0023964071856287443,-0.04220133067198934,0.5396077178975383,tier2,True,local,True
SockShop,carts_cpu,5,tier1_driven,tier1,upstream,0.28384258150365943,-0.009026746506985995,-0.03529487691284098,tier1,True,upstream,True
SockShop,carts_cpu,5,tier2_driven,tier2,local,-0.009883166999334687,-0.04503579507651363,0.541944910179641,tier2,True,local,True
SockShop,carts_cpu,6,tier1_driven,tier1,upstream,0.23617192282102473,-0.011746640053226832,-0.020832468396540228,tier1,True,upstream,True
SockShop,carts_cpu,6,tier2_driven,tier2,local,-0.00829767132401858,-0.056304590818363275,0.5516282102461746,tier2,True,local,True
SockShop,carts_cpu,7,tier1_driven,tier1,upstream,0.2678509647371923,-0.004041916167664625,-0.052232202262142376,tier1,True,upstream,True
SockShop,carts_cpu,7,tier2_driven,tier2,local,-0.008418762475049918,-0.049022488356620084,0.5524512308715901,tier2,True,local,True
SockShop,carts_cpu,8,tier1_driven,tier1,upstream,0.22105522288755813,-0.023083832335329357,0.029573519627411865,tier1,True,upstream,True
SockShop,carts_cpu,8,tier2_driven,tier2,local,-0.0023103127079175025,-0.04989341317365266,0.5392296739853628,tier2,True,local,True
SockShop,carts_cpu,9,tier1_driven,tier1,upstream,0.26770073186959414,0.0005564870259480974,-0.00478416500332671,tier1,True,upstream,True
SockShop,carts_cpu,9,tier2_driven,tier2,local,-0.008509780439121692,-0.04974610778443115,0.5412898203592816,tier2,True,local,True
TrainTicket,ts-order-service_cpu,0,tier1_driven,tier1,upstream,0.015756327345309382,-0.06634443113772456,-0.11306059880239525,tier2,False,local,False
TrainTicket,ts-order-service_cpu,0,tier2_driven,tier2,local,-0.0020416766467066137,-0.0532001596806387,0.5382438323353295,tier2,True,local,True
TrainTicket,ts-order-service_cpu,1,tier1_driven,tier1,upstream,0.008482554890219565,-0.1464009580838323,-0.1654907784431138,tier2,False,local,False
TrainTicket,ts-order-service_cpu,1,tier2_driven,tier2,local,-0.0045269461077844485,-0.07134706586826339,0.5629358882235532,tier2,True,local,True
TrainTicket,ts-order-service_cpu,2,tier1_driven,tier1,upstream,0.024313932135728564,-0.10358163672654695,-0.1602332934131737,tier2,False,local,False
TrainTicket,ts-order-service_cpu,2,tier2_driven,tier2,local,-0.005630019960079848,-0.07430546906187625,0.5709334930139716,tier2,True,local,True
TrainTicket,ts-order-service_cpu,3,tier1_driven,tier1,upstream,0.01617852295409189,-0.09530347305389222,-0.12045988023952095,tier2,False,local,False
TrainTicket,ts-order-service_cpu,3,tier2_driven,tier2,local,-0.005461876247505002,-0.049563912175648706,0.5419998403193614,tier2,True,local,True
TrainTicket,ts-order-service_cpu,4,tier1_driven,tier1,upstream,0.03705868263473063,-0.06933333333333327,-0.07155768463073851,tier2,False,local,False
TrainTicket,ts-order-service_cpu,4,tier2_driven,tier2,local,-0.0030673053892215467,-0.039727584830339294,0.5378647504990021,tier2,True,local,True
TrainTicket,ts-order-service_cpu,5,tier1_driven,tier1,upstream,0.026082075848303358,-0.08699912175648701,-0.11475161676646703,tier2,False,local,False
TrainTicket,ts-order-service_cpu,5,tier2_driven,tier2,local,-0.0028289021956087734,-0.06208526946107788,0.5479600798403195,tier2,True,local,True
TrainTicket,ts-order-service_cpu,6,tier1_driven,tier1,upstream,0.022423952095808344,-0.06665644710578843,-0.12344015968063873,tier2,False,local,False
TrainTicket,ts-order-service_cpu,6,tier2_driven,tier2,local,-0.0019586427145709107,-0.042590339321357244,0.5315948902195611,tier2,True,local,True
TrainTicket,ts-order-service_cpu,7,tier1_driven,tier1,upstream,0.02967664670658685,-0.05957588822355287,-0.061933093812375245,tier2,False,local,False
TrainTicket,ts-order-service_cpu,7,tier2_driven,tier2,local,-0.004326067864271451,-0.05627944111776448,0.5435755688622755,tier2,True,local,True
TrainTicket,ts-order-service_cpu,8,tier1_driven,tier1,upstream,0.04082347305389233,-0.07178666666666661,-0.09282522954091814,tier2,False,local,False
TrainTicket,ts-order-service_cpu,8,tier2_driven,tier2,local,-0.00013141716566864145,-0.06565253493013976,0.5608138922155688,tier2,True,local,True
TrainTicket,ts-order-service_cpu,9,tier1_driven,tier1,upstream,0.02709988023952094,-0.10672015968063883,-0.17586475049900194,tier2,False,local,False
TrainTicket,ts-order-service_cpu,9,tier2_driven,tier2,local,-0.0026353692614770187,-0.052280079840319245,0.5419014770459083,tier2,True,local,True
TrainTicket,ts-user-service_cpu,0,tier1_driven,tier1,upstream,0.05897485029940113,0.006511137724550878,-0.08145405189620761,tier2,False,local,False
TrainTicket,ts-user-service_cpu,0,tier2_driven,tier2,local,-0.013650139720558882,-0.042947385229540974,0.535671377245509,tier2,True,local,True
TrainTicket,ts-user-service_cpu,1,tier1_driven,tier1,upstream,0.06840814371257486,-0.016410059880239528,-0.040038003992015965,tier1,True,upstream,True
TrainTicket,ts-user-service_cpu,1,tier2_driven,tier2,local,-0.01378954091816369,-0.05422754491017963,0.5630230738522954,tier2,True,local,True
TrainTicket,ts-user-service_cpu,2,tier1_driven,tier1,upstream,0.06081708582834338,-0.0035645508982035997,-0.04524055888223549,tier1,True,upstream,True
TrainTicket,ts-user-service_cpu,2,tier2_driven,tier2,local,-0.010437365269461006,-0.03442427145708579,0.5318716167664672,tier2,True,local,True
TrainTicket,ts-user-service_cpu,3,tier1_driven,tier1,upstream,0.05869333333333337,-0.03506810379241519,-0.12340566866267468,tier2,False,local,False
TrainTicket,ts-user-service_cpu,3,tier2_driven,tier2,local,-0.01201405189620759,-0.045022115768463114,0.5360661077844311,tier2,True,local,True
TrainTicket,ts-user-service_cpu,4,tier1_driven,tier1,upstream,0.05364982035928152,0.00043241516966071106,-0.04609820359281436,tier1,True,upstream,True
TrainTicket,ts-user-service_cpu,4,tier2_driven,tier2,local,-0.008064031936127777,-0.052730698602794404,0.5398166866267463,tier2,True,local,True
TrainTicket,ts-user-service_cpu,5,tier1_driven,tier1,upstream,0.05585996007984033,-0.029880718562874248,-0.10979960079840319,tier2,False,local,False
TrainTicket,ts-user-service_cpu,5,tier2_driven,tier2,local,-0.008519920159680613,-0.04717508982035928,0.5387129740518962,tier2,True,local,True
TrainTicket,ts-user-service_cpu,6,tier1_driven,tier1,upstream,0.07750850299401206,-0.017252055888223542,-0.08018858283433133,tier2,False,local,False
TrainTicket,ts-user-service_cpu,6,tier2_driven,tier2,local,-0.011500838323353278,-0.04426443113772459,0.5387992015968064,tier2,True,local,True
TrainTicket,ts-user-service_cpu,7,tier1_driven,tier1,upstream,0.07371624750499012,-0.01758626746506975,0.00770235528942117,tier1,True,upstream,True
TrainTicket,ts-user-service_cpu,7,tier2_driven,tier2,local,-0.016247984031936155,-0.0408922954091816,0.5441223153692617,tier2,True,local,True
TrainTicket,ts-user-service_cpu,8,tier1_driven,tier1,upstream,0.07191504990019976,0.027748662674650763,-0.0358034331337325,tier1,True,upstream,True
TrainTicket,ts-user-service_cpu,8,tier2_driven,tier2,local,-0.010312015968063803,-0.0454631536926148,0.5347731736526944,tier2,True,local,True
TrainTicket,ts-user-service_cpu,9,tier1_driven,tier1,upstream,0.058076167664670775,-0.02127776447105785,-0.02878642714570855,tier1,True,upstream,True
TrainTicket,ts-user-service_cpu,9,tier2_driven,tier2,local,-0.013841117764471039,-0.0393673453093812,0.5322224351297404,tier2,True,local,True
TrainTicket,ts-travel-service_cpu,0,tier1_driven,tier1,upstream,0.06125381237524951,-0.032267145708582745,-0.06891880239520957,tier2,False,local,False
TrainTicket,ts-travel-service_cpu,0,tier2_driven,tier2,local,-0.0075391616766466866,-0.07082123752495006,0.5574182834331335,tier2,True,local,True
TrainTicket,ts-travel-service_cpu,1,tier1_driven,tier1,upstream,0.04205093812375252,-0.10503536926147702,-0.13264031936127743,tier2,False,local,False
TrainTicket,ts-travel-service_cpu,1,tier2_driven,tier2,local,-0.0022545309381237395,-0.0559575249500998,0.5492819161676643,tier2,True,local,True
TrainTicket,ts-travel-service_cpu,2,tier1_driven,tier1,upstream,0.02932726546906185,-0.10065245508982033,-0.10432351297405189,tier2,False,local,False
TrainTicket,ts-travel-service_cpu,2,tier2_driven,tier2,local,-0.005267544910179618,-0.05231457085828338,0.5445681437125751,tier2,True,local,True
TrainTicket,ts-travel-service_cpu,3,tier1_driven,tier1,upstream,0.05834299401197602,-0.07088399201596804,-0.11529532934131739,tier2,False,local,False
TrainTicket,ts-travel-service_cpu,3,tier2_driven,tier2,local,-0.0048635528942115565,-0.06366946107784421,0.5635110578842315,tier2,True,local,True
TrainTicket,ts-travel-service_cpu,4,tier1_driven,tier1,upstream,0.04582195608782435,-0.06667273453093814,-0.13886179640718566,tier2,False,local,False
TrainTicket,ts-travel-service_cpu,4,tier2_driven,tier2,local,-0.005782514970059895,-0.05093125748502986,0.5436958083832337,tier2,True,local,True
TrainTicket,ts-travel-service_cpu,5,tier1_driven,tier1,upstream,0.038373652694610724,-0.08815536926147707,-0.10990291417165668,tier2,False,local,False
TrainTicket,ts-travel-service_cpu,5,tier2_driven,tier2,local,-0.006982195608782335,-0.059139960079840306,0.5530762475049901,tier2,True,local,True
TrainTicket,ts-travel-service_cpu,6,tier1_driven,tier1,upstream,0.03345820359281443,-0.0567824351297405,-0.12041229540918166,tier2,False,local,False
TrainTicket,ts-travel-service_cpu,6,tier2_driven,tier2,local,-0.00500902195608786,-0.0685911377245508,0.5726221157684631,tier2,True,local,True
TrainTicket,ts-travel-service_cpu,7,tier1_driven,tier1,upstream,0.018747784431137757,-0.08984047904191617,-0.12852407185628745,tier2,False,local,False
TrainTicket,ts-travel-service_cpu,7,tier2_driven,tier2,local,-0.00814435129740517,-0.06498171656686633,0.5641599999999998,tier2,True,local,True
TrainTicket,ts-travel-service_cpu,8,tier1_driven,tier1,upstream,0.07113389221556878,-0.0008495009980040359,-0.074292375249501,tier2,False,local,False
TrainTicket,ts-travel-service_cpu,8,tier2_driven,tier2,local,-0.005601916167664674,-0.05383249500998012,0.5504683433133731,tier2,True,local,True
TrainTicket,ts-travel-service_cpu,9,tier1_driven,tier1,upstream,0.06938251497005986,-0.06981141716566863,-0.10743536926147705,tier2,False,local,False
TrainTicket,ts-travel-service_cpu,9,tier2_driven,tier2,local,-0.0020496606786427085,-0.05753389221556887,0.5386454291417165,tier2,True,local,True
TrainTicket,ts-seat-service_cpu,0,tier1_driven,tier1,upstream,0.02836439121756487,-0.11744862275449101,-0.10648463073852295,tier2,False,local,False
TrainTicket,ts-seat-service_cpu,0,tier2_driven,tier2,local,-0.0031378842315368787,-0.08271520958083839,0.5768351297405188,tier2,True,local,True
TrainTicket,ts-seat-service_cpu,1,tier1_driven,tier1,upstream,0.0050540518962075755,-0.16284439121756483,-0.10567073852295411,tier2,False,upstream,True
TrainTicket,ts-seat-service_cpu,1,tier2_driven,tier2,local,-0.002430658682634685,-0.10440878243512988,0.5978574051896204,tier2,True,local,True
TrainTicket,ts-seat-service_cpu,2,tier1_driven,tier1,upstream,0.019432175648702497,-0.1313060279441119,-0.11169500998003995,tier2,False,upstream,True
TrainTicket,ts-seat-service_cpu,2,tier2_driven,tier2,local,-0.004738682634730521,-0.08509764471057883,0.5848862275449102,tier2,True,local,True
TrainTicket,ts-seat-service_cpu,3,tier1_driven,tier1,upstream,-0.0038676247504990033,-0.20893429141716566,-0.11857932135728542,tier2,False,upstream,True
TrainTicket,ts-seat-service_cpu,3,tier2_driven,tier2,local,-0.003542674650698578,-0.09923544910179641,0.5978040718562874,tier2,True,local,True
TrainTicket,ts-seat-service_cpu,4,tier1_driven,tier1,upstream,0.03247489021956083,-0.11263345309381247,-0.0915021157684631,tier2,False,local,False
TrainTicket,ts-seat-service_cpu,4,tier2_driven,tier2,local,-0.004322235528942124,-0.0750344111776447,0.5743546506986028,tier2,True,local,True
TrainTicket,ts-seat-service_cpu,5,tier1_driven,tier1,upstream,0.018041836327345368,-0.09915001996007974,-0.054560479041916174,tier2,False,upstream,True
TrainTicket,ts-seat-service_cpu,5,tier2_driven,tier2,local,-0.0028828742514970074,-0.09057964071856289,0.5923726946107786,tier2,True,local,True
TrainTicket,ts-seat-service_cpu,6,tier1_driven,tier1,upstream,0.006168143712574856,-0.18100982035928143,-0.12056750499001993,tier2,False,upstream,True
TrainTicket,ts-seat-service_cpu,6,tier2_driven,tier2,local,-0.004144830339321333,-0.09045317365269454,0.5895640718562873,tier2,True,local,True
TrainTicket,ts-seat-service_cpu,7,tier1_driven,tier1,upstream,0.02500822355289415,-0.046245748502994094,-0.06662674650698604,tier2,False,local,False
TrainTicket,ts-seat-service_cpu,7,tier2_driven,tier2,local,-0.003810618762475022,-0.10223009980039927,0.5970347305389218,tier2,True,local,True
TrainTicket,ts-seat-service_cpu,8,tier1_driven,tier1,upstream,0.013498762475049894,-0.18578554890219565,-0.13907449101796407,tier2,False,upstream,True
TrainTicket,ts-seat-service_cpu,8,tier2_driven,tier2,local,-0.0005901796407185489,-0.09239281437125743,0.5880009580838321,tier2,True,local,True
TrainTicket,ts-seat-service_cpu,9,tier1_driven,tier1,upstream,0.014908103792415119,-0.12783425149700595,-0.08669860279441116,tier2,False,upstream,True
TrainTicket,ts-seat-service_cpu,9,tier2_driven,tier2,local,-0.006424590818363289,-0.09728287425149697,0.5947334131736522,tier2,True,local,True
